-- Honey_Macguffin_Passive_Religion
-- Author: mitch
-- DateCreated: 8/22/2023 1:06:46 PM
--------------------------------------------------------------

-- Spearit: religious combat bonus
-- Cuniformation: religious pressure strength (steal from scripture)
-- High Note: religious pressure range (steal from Itinerant Preachers)




-- Sacrifical Dagger: probably steal taxis (faith spread on military combat win) this is DLC so maybe make a separate DLC pack?
-- gain yields on conversion (city state modifier I think ehhhh )



--resist specific classes? kinda boring. This would require your opponents to play in a certain way, rather than incentivizing something in your own civilization.


INSERT INTO Types
		(Type,													Kind)
VALUES  ('ABILITY_HONEY_MACGUFFIN_PASSIVE_THEOLOGICAL_COMBAT_BUFF', 'KIND_ABILITY'),
		('ABILITY_HONEY_MACGUFFIN_PASSIVE_THEOLOGICAL_COMBAT_BUFF_TIER2', 'KIND_ABILITY'),
		('ABILITY_HONEY_MACGUFFIN_PASSIVE_THEOLOGICAL_COMBAT_BUFF_TIER3', 'KIND_ABILITY'),
		('GREATWORK_GREATWORKOBJECT_HONEY_MACGUFFIN_PASSIVE_THEOLOGICAL_COMBAT_BUFF',				'KIND_GREATWORK'),
		('GREATWORK_GREATWORKOBJECT_HONEY_MACGUFFIN_PASSIVE_THEOLOGICAL_COMBAT_BUFF_TIER2',				'KIND_GREATWORK'),
		('GREATWORK_GREATWORKOBJECT_HONEY_MACGUFFIN_PASSIVE_THEOLOGICAL_COMBAT_BUFF_TIER3',				'KIND_GREATWORK'),
		('GREAT_PERSON_HONEY_MACGUFFIN_PASSIVE_THEOLOGICAL_COMBAT_BUFF_GP',				'KIND_GREAT_PERSON_INDIVIDUAL'),
		('GREAT_PERSON_HONEY_MACGUFFIN_PASSIVE_THEOLOGICAL_COMBAT_BUFF_TIER2_GP',				'KIND_GREAT_PERSON_INDIVIDUAL'),
		('GREAT_PERSON_HONEY_MACGUFFIN_PASSIVE_THEOLOGICAL_COMBAT_BUFF_TIER3_GP',				'KIND_GREAT_PERSON_INDIVIDUAL'),
		('BUILDING_HONEY_MACGUFFIN_HOLDER_PASSIVE_THEOLOGICAL_COMBAT_BUFF_TIER2',          'KIND_BUILDING'),
		('BUILDING_HONEY_MACGUFFIN_HOLDER_PASSIVE_THEOLOGICAL_COMBAT_BUFF_TIER3',          'KIND_BUILDING'),
		('BUILDING_HONEY_MACGUFFIN_HOLDER_PASSIVE_THEOLOGICAL_COMBAT_BUFF',          'KIND_BUILDING'),
		

		('GREATWORK_GREATWORKOBJECT_HONEY_MACGUFFIN_PASSIVE_RELIGIOUS_PRESSURE_STRENGTH_BUFF',				'KIND_GREATWORK'),
		('GREATWORK_GREATWORKOBJECT_HONEY_MACGUFFIN_PASSIVE_RELIGIOUS_PRESSURE_STRENGTH_BUFF_TIER2',				'KIND_GREATWORK'),
		('GREATWORK_GREATWORKOBJECT_HONEY_MACGUFFIN_PASSIVE_RELIGIOUS_PRESSURE_STRENGTH_BUFF_TIER3',				'KIND_GREATWORK'),
		('GREAT_PERSON_HONEY_MACGUFFIN_PASSIVE_RELIGIOUS_PRESSURE_STRENGTH_BUFF_GP',				'KIND_GREAT_PERSON_INDIVIDUAL'),
		('GREAT_PERSON_HONEY_MACGUFFIN_PASSIVE_RELIGIOUS_PRESSURE_STRENGTH_BUFF_TIER2_GP',				'KIND_GREAT_PERSON_INDIVIDUAL'),
		('GREAT_PERSON_HONEY_MACGUFFIN_PASSIVE_RELIGIOUS_PRESSURE_STRENGTH_BUFF_TIER3_GP',				'KIND_GREAT_PERSON_INDIVIDUAL'),
		('BUILDING_HONEY_MACGUFFIN_HOLDER_PASSIVE_RELIGIOUS_PRESSURE_STRENGTH_BUFF_TIER2',          'KIND_BUILDING'),
		('BUILDING_HONEY_MACGUFFIN_HOLDER_PASSIVE_RELIGIOUS_PRESSURE_STRENGTH_BUFF_TIER3',          'KIND_BUILDING'),
		('BUILDING_HONEY_MACGUFFIN_HOLDER_PASSIVE_RELIGIOUS_PRESSURE_STRENGTH_BUFF',          'KIND_BUILDING'),
		

		('GREATWORK_GREATWORKOBJECT_HONEY_MACGUFFIN_PASSIVE_RELIGIOUS_PRESSURE_DISTANCE_BUFF',				'KIND_GREATWORK'),
		('GREATWORK_GREATWORKOBJECT_HONEY_MACGUFFIN_PASSIVE_RELIGIOUS_PRESSURE_DISTANCE_BUFF_TIER2',				'KIND_GREATWORK'),
		('GREATWORK_GREATWORKOBJECT_HONEY_MACGUFFIN_PASSIVE_RELIGIOUS_PRESSURE_DISTANCE_BUFF_TIER3',				'KIND_GREATWORK'),
		('GREAT_PERSON_HONEY_MACGUFFIN_PASSIVE_RELIGIOUS_PRESSURE_DISTANCE_BUFF_GP',				'KIND_GREAT_PERSON_INDIVIDUAL'),
		('GREAT_PERSON_HONEY_MACGUFFIN_PASSIVE_RELIGIOUS_PRESSURE_DISTANCE_BUFF_TIER2_GP',				'KIND_GREAT_PERSON_INDIVIDUAL'),
		('GREAT_PERSON_HONEY_MACGUFFIN_PASSIVE_RELIGIOUS_PRESSURE_DISTANCE_BUFF_TIER3_GP',				'KIND_GREAT_PERSON_INDIVIDUAL'),
		('BUILDING_HONEY_MACGUFFIN_HOLDER_PASSIVE_RELIGIOUS_PRESSURE_DISTANCE_BUFF_TIER2',          'KIND_BUILDING'),
		('BUILDING_HONEY_MACGUFFIN_HOLDER_PASSIVE_RELIGIOUS_PRESSURE_DISTANCE_BUFF_TIER3',          'KIND_BUILDING'),
		('BUILDING_HONEY_MACGUFFIN_HOLDER_PASSIVE_RELIGIOUS_PRESSURE_DISTANCE_BUFF',          'KIND_BUILDING');
		


INSERT INTO TypeTags
		(Type,														Tag)
VALUES  ('ABILITY_HONEY_MACGUFFIN_PASSIVE_THEOLOGICAL_COMBAT_BUFF',   'CLASS_RELIGIOUS_ALL'),
		('ABILITY_HONEY_MACGUFFIN_PASSIVE_THEOLOGICAL_COMBAT_BUFF_TIER2',   'CLASS_RELIGIOUS_ALL'),
		('ABILITY_HONEY_MACGUFFIN_PASSIVE_THEOLOGICAL_COMBAT_BUFF_TIER3',   'CLASS_RELIGIOUS_ALL');


INSERT INTO Modifiers
		(ModifierId,														ModifierType,						 Permanent) --, SubjectRequirementSetdId)
VALUES  ( 'MODIFIER_HONEY_MACGUFFIN_PASSIVE_THEOLOGICAL_COMBAT_BUFF_ABILITY_GRANTER', 'MODIFIER_PLAYER_UNITS_GRANT_ABILITY',        0),
		( 'MODIFIER_HONEY_MACGUFFIN_PASSIVE_THEOLOGICAL_COMBAT_BUFF',				 'MODIFIER_UNIT_ADJUST_COMBAT_STRENGTH',        0),
		( 'MODIFIER_HONEY_MACGUFFIN_PASSIVE_THEOLOGICAL_COMBAT_BUFF_TIER2_ABILITY_GRANTER', 'MODIFIER_PLAYER_UNITS_GRANT_ABILITY',        0),
		( 'MODIFIER_HONEY_MACGUFFIN_PASSIVE_THEOLOGICAL_COMBAT_BUFF_TIER2',				 'MODIFIER_UNIT_ADJUST_COMBAT_STRENGTH',        0),
		( 'MODIFIER_HONEY_MACGUFFIN_PASSIVE_THEOLOGICAL_COMBAT_BUFF_TIER3_ABILITY_GRANTER', 'MODIFIER_PLAYER_UNITS_GRANT_ABILITY',        0),
		( 'MODIFIER_HONEY_MACGUFFIN_PASSIVE_THEOLOGICAL_COMBAT_BUFF_TIER3',				 'MODIFIER_UNIT_ADJUST_COMBAT_STRENGTH',        0),
		
		( 'MODIFIER_HONEY_MACGUFFIN_PASSIVE_RELIGIOUS_PRESSURE_STRENGTH_BUFF',				 'MODIFIER_PLAYER_RELIGION_ADJUST_RELIGIOUS_SPREAD_STRENGTH',        0),
		( 'MODIFIER_HONEY_MACGUFFIN_PASSIVE_RELIGIOUS_PRESSURE_STRENGTH_BUFF_TIER2',				 'MODIFIER_PLAYER_RELIGION_ADJUST_RELIGIOUS_SPREAD_STRENGTH',        0),
		( 'MODIFIER_HONEY_MACGUFFIN_PASSIVE_RELIGIOUS_PRESSURE_STRENGTH_BUFF_TIER3',				 'MODIFIER_PLAYER_RELIGION_ADJUST_RELIGIOUS_SPREAD_STRENGTH',        0),
		
		( 'MODIFIER_HONEY_MACGUFFIN_PASSIVE_RELIGIOUS_PRESSURE_DISTANCE_BUFF',				 'MODIFIER_PLAYER_RELIGION_ADJUST_RELIGIOUS_SPREAD_DISTANCE',        0),
		( 'MODIFIER_HONEY_MACGUFFIN_PASSIVE_RELIGIOUS_PRESSURE_DISTANCE_BUFF_TIER2',				 'MODIFIER_PLAYER_RELIGION_ADJUST_RELIGIOUS_SPREAD_DISTANCE',        0),
		( 'MODIFIER_HONEY_MACGUFFIN_PASSIVE_RELIGIOUS_PRESSURE_DISTANCE_BUFF_TIER3',				 'MODIFIER_PLAYER_RELIGION_ADJUST_RELIGIOUS_SPREAD_DISTANCE',        0);



INSERT INTO UnitAbilities
		( UnitAbilityType,									Name,																	 Description,  Inactive )
VALUES  (  'ABILITY_HONEY_MACGUFFIN_PASSIVE_THEOLOGICAL_COMBAT_BUFF',  'LOC_ABILITY_HONEY_MACGUFFIN_PASSIVE_THEOLOGICAL_COMBAT_BUFF_NAME', 'LOC_ABILITY_HONEY_MACGUFFIN_PASSIVE_THEOLOGICAL_COMBAT_BUFF_DESC', 1 ),
		(  'ABILITY_HONEY_MACGUFFIN_PASSIVE_THEOLOGICAL_COMBAT_BUFF_TIER2',  'LOC_ABILITY_HONEY_MACGUFFIN_PASSIVE_THEOLOGICAL_COMBAT_BUFF_TIER2_NAME', 'LOC_ABILITY_HONEY_MACGUFFIN_PASSIVE_THEOLOGICAL_COMBAT_BUFF_TIER2_DESC', 1 ),
		(  'ABILITY_HONEY_MACGUFFIN_PASSIVE_THEOLOGICAL_COMBAT_BUFF_TIER3',  'LOC_ABILITY_HONEY_MACGUFFIN_PASSIVE_THEOLOGICAL_COMBAT_BUFF_TIER3_NAME', 'LOC_ABILITY_HONEY_MACGUFFIN_PASSIVE_THEOLOGICAL_COMBAT_BUFF_TIER3_DESC', 1 );
		
               
		


INSERT INTO UnitAbilityModifiers
		(UnitAbilityType, ModifierId)
VALUES  ('ABILITY_HONEY_MACGUFFIN_PASSIVE_THEOLOGICAL_COMBAT_BUFF',  'MODIFIER_HONEY_MACGUFFIN_PASSIVE_THEOLOGICAL_COMBAT_BUFF'),
		('ABILITY_HONEY_MACGUFFIN_PASSIVE_THEOLOGICAL_COMBAT_BUFF_TIER2',  'MODIFIER_HONEY_MACGUFFIN_PASSIVE_THEOLOGICAL_COMBAT_BUFF_TIER2'),
		('ABILITY_HONEY_MACGUFFIN_PASSIVE_THEOLOGICAL_COMBAT_BUFF_TIER3',  'MODIFIER_HONEY_MACGUFFIN_PASSIVE_THEOLOGICAL_COMBAT_BUFF_TIER3');
		



INSERT INTO GreatPersonIndividuals
			(GreatPersonIndividualType,						Name,						GreatPersonClassType,			 eraType,					Gender,		 ActionCharges,            ActionEffectTextOverride)
VALUES ('GREAT_PERSON_HONEY_MACGUFFIN_PASSIVE_THEOLOGICAL_COMBAT_BUFF_GP', 'LOC_GREAT_PERSON_HONEY_MACGUFFIN_GP_NAME',  'GREAT_PERSON_HONEY_MACGUFFIN_GP' ,     'HONEY_MACGUFFIN_DUMMY_ERA',        'M',            0,					'LOC_GREAT_PERSON_HONEY_MACGUFFIN_ACTION'),
	   ('GREAT_PERSON_HONEY_MACGUFFIN_PASSIVE_THEOLOGICAL_COMBAT_BUFF_TIER2_GP', 'LOC_GREAT_PERSON_HONEY_MACGUFFIN_GP_NAME',  'GREAT_PERSON_HONEY_MACGUFFIN_GP' ,     'HONEY_MACGUFFIN_DUMMY_ERA',        'M',            0,					'LOC_GREAT_PERSON_HONEY_MACGUFFIN_ACTION'),
	   ('GREAT_PERSON_HONEY_MACGUFFIN_PASSIVE_THEOLOGICAL_COMBAT_BUFF_TIER3_GP', 'LOC_GREAT_PERSON_HONEY_MACGUFFIN_GP_NAME',  'GREAT_PERSON_HONEY_MACGUFFIN_GP' ,     'HONEY_MACGUFFIN_DUMMY_ERA',        'M',            0,					'LOC_GREAT_PERSON_HONEY_MACGUFFIN_ACTION'),
	   
	   ('GREAT_PERSON_HONEY_MACGUFFIN_PASSIVE_RELIGIOUS_PRESSURE_STRENGTH_BUFF_GP', 'LOC_GREAT_PERSON_HONEY_MACGUFFIN_GP_NAME',  'GREAT_PERSON_HONEY_MACGUFFIN_GP' ,     'HONEY_MACGUFFIN_DUMMY_ERA',        'M',            0,					'LOC_GREAT_PERSON_HONEY_MACGUFFIN_ACTION'),
	   ('GREAT_PERSON_HONEY_MACGUFFIN_PASSIVE_RELIGIOUS_PRESSURE_STRENGTH_BUFF_TIER2_GP', 'LOC_GREAT_PERSON_HONEY_MACGUFFIN_GP_NAME',  'GREAT_PERSON_HONEY_MACGUFFIN_GP' ,     'HONEY_MACGUFFIN_DUMMY_ERA',        'M',            0,					'LOC_GREAT_PERSON_HONEY_MACGUFFIN_ACTION'),
	   ('GREAT_PERSON_HONEY_MACGUFFIN_PASSIVE_RELIGIOUS_PRESSURE_STRENGTH_BUFF_TIER3_GP', 'LOC_GREAT_PERSON_HONEY_MACGUFFIN_GP_NAME',  'GREAT_PERSON_HONEY_MACGUFFIN_GP' ,     'HONEY_MACGUFFIN_DUMMY_ERA',        'M',            0,					'LOC_GREAT_PERSON_HONEY_MACGUFFIN_ACTION'),
	   
	   ('GREAT_PERSON_HONEY_MACGUFFIN_PASSIVE_RELIGIOUS_PRESSURE_DISTANCE_BUFF_GP', 'LOC_GREAT_PERSON_HONEY_MACGUFFIN_GP_NAME',  'GREAT_PERSON_HONEY_MACGUFFIN_GP' ,     'HONEY_MACGUFFIN_DUMMY_ERA',        'M',            0,					'LOC_GREAT_PERSON_HONEY_MACGUFFIN_ACTION'),
	   ('GREAT_PERSON_HONEY_MACGUFFIN_PASSIVE_RELIGIOUS_PRESSURE_DISTANCE_BUFF_TIER2_GP', 'LOC_GREAT_PERSON_HONEY_MACGUFFIN_GP_NAME',  'GREAT_PERSON_HONEY_MACGUFFIN_GP' ,     'HONEY_MACGUFFIN_DUMMY_ERA',        'M',            0,					'LOC_GREAT_PERSON_HONEY_MACGUFFIN_ACTION'),
	   ('GREAT_PERSON_HONEY_MACGUFFIN_PASSIVE_RELIGIOUS_PRESSURE_DISTANCE_BUFF_TIER3_GP', 'LOC_GREAT_PERSON_HONEY_MACGUFFIN_GP_NAME',  'GREAT_PERSON_HONEY_MACGUFFIN_GP' ,     'HONEY_MACGUFFIN_DUMMY_ERA',        'M',            0,					'LOC_GREAT_PERSON_HONEY_MACGUFFIN_ACTION');


INSERT INTO GreatWorks
		(GreatWorkType,																										 Name,									      GreatPersonIndividualType,							 GreatWorkObjectType,																			 Quote ,          Tourism )
VALUES  ('GREATWORK_GREATWORKOBJECT_HONEY_MACGUFFIN_PASSIVE_THEOLOGICAL_COMBAT_BUFF',     'LOC_GREATWORK_GREATWORKOBJECT_HONEY_MACGUFFIN_PASSIVE_THEOLOGICAL_COMBAT_BUFF_NAME',   'GREAT_PERSON_HONEY_MACGUFFIN_PASSIVE_THEOLOGICAL_COMBAT_BUFF_GP',			'GREATWORKOBJECT_HONEY_MACGUFFIN_PASSIVE',										'LOC_GREATWORK_HOMER_2_QUOTE',           0 ),
		('GREATWORK_GREATWORKOBJECT_HONEY_MACGUFFIN_PASSIVE_THEOLOGICAL_COMBAT_BUFF_TIER2',     'LOC_GREATWORK_GREATWORKOBJECT_HONEY_MACGUFFIN_PASSIVE_THEOLOGICAL_COMBAT_BUFF_TIER2_NAME',   'GREAT_PERSON_HONEY_MACGUFFIN_PASSIVE_THEOLOGICAL_COMBAT_BUFF_TIER2_GP',			'GREATWORKOBJECT_HONEY_MACGUFFIN_PASSIVE',										'LOC_GREATWORK_HOMER_2_QUOTE',           0 ),
		('GREATWORK_GREATWORKOBJECT_HONEY_MACGUFFIN_PASSIVE_THEOLOGICAL_COMBAT_BUFF_TIER3',     'LOC_GREATWORK_GREATWORKOBJECT_HONEY_MACGUFFIN_PASSIVE_THEOLOGICAL_COMBAT_BUFF_TIER3_NAME',   'GREAT_PERSON_HONEY_MACGUFFIN_PASSIVE_THEOLOGICAL_COMBAT_BUFF_TIER3_GP',			'GREATWORKOBJECT_HONEY_MACGUFFIN_PASSIVE',										'LOC_GREATWORK_HOMER_2_QUOTE',           0 ),
		
		('GREATWORK_GREATWORKOBJECT_HONEY_MACGUFFIN_PASSIVE_RELIGIOUS_PRESSURE_STRENGTH_BUFF',     'LOC_GREATWORK_GREATWORKOBJECT_HONEY_MACGUFFIN_PASSIVE_RELIGIOUS_PRESSURE_STRENGTH_BUFF_NAME',   'GREAT_PERSON_HONEY_MACGUFFIN_PASSIVE_RELIGIOUS_PRESSURE_STRENGTH_BUFF_GP',			'GREATWORKOBJECT_HONEY_MACGUFFIN_PASSIVE',										'LOC_GREATWORK_HOMER_2_QUOTE',           0 ),
		('GREATWORK_GREATWORKOBJECT_HONEY_MACGUFFIN_PASSIVE_RELIGIOUS_PRESSURE_STRENGTH_BUFF_TIER2',     'LOC_GREATWORK_GREATWORKOBJECT_HONEY_MACGUFFIN_PASSIVE_RELIGIOUS_PRESSURE_STRENGTH_BUFF_TIER2_NAME',   'GREAT_PERSON_HONEY_MACGUFFIN_PASSIVE_RELIGIOUS_PRESSURE_STRENGTH_BUFF_TIER2_GP',			'GREATWORKOBJECT_HONEY_MACGUFFIN_PASSIVE',										'LOC_GREATWORK_HOMER_2_QUOTE',           0 ),
		('GREATWORK_GREATWORKOBJECT_HONEY_MACGUFFIN_PASSIVE_RELIGIOUS_PRESSURE_STRENGTH_BUFF_TIER3',     'LOC_GREATWORK_GREATWORKOBJECT_HONEY_MACGUFFIN_PASSIVE_RELIGIOUS_PRESSURE_STRENGTH_BUFF_TIER3_NAME',   'GREAT_PERSON_HONEY_MACGUFFIN_PASSIVE_RELIGIOUS_PRESSURE_STRENGTH_BUFF_TIER3_GP',			'GREATWORKOBJECT_HONEY_MACGUFFIN_PASSIVE',										'LOC_GREATWORK_HOMER_2_QUOTE',           0 ),
		
		('GREATWORK_GREATWORKOBJECT_HONEY_MACGUFFIN_PASSIVE_RELIGIOUS_PRESSURE_DISTANCE_BUFF',     'LOC_GREATWORK_GREATWORKOBJECT_HONEY_MACGUFFIN_PASSIVE_RELIGIOUS_PRESSURE_DISTANCE_BUFF_NAME',   'GREAT_PERSON_HONEY_MACGUFFIN_PASSIVE_RELIGIOUS_PRESSURE_DISTANCE_BUFF_GP',			'GREATWORKOBJECT_HONEY_MACGUFFIN_PASSIVE',										'LOC_GREATWORK_HOMER_2_QUOTE',           0 ),
		('GREATWORK_GREATWORKOBJECT_HONEY_MACGUFFIN_PASSIVE_RELIGIOUS_PRESSURE_DISTANCE_BUFF_TIER2',     'LOC_GREATWORK_GREATWORKOBJECT_HONEY_MACGUFFIN_PASSIVE_RELIGIOUS_PRESSURE_DISTANCE_BUFF_TIER2_NAME',   'GREAT_PERSON_HONEY_MACGUFFIN_PASSIVE_RELIGIOUS_PRESSURE_DISTANCE_BUFF_TIER2_GP',			'GREATWORKOBJECT_HONEY_MACGUFFIN_PASSIVE',										'LOC_GREATWORK_HOMER_2_QUOTE',           0 ),
		('GREATWORK_GREATWORKOBJECT_HONEY_MACGUFFIN_PASSIVE_RELIGIOUS_PRESSURE_DISTANCE_BUFF_TIER3',     'LOC_GREATWORK_GREATWORKOBJECT_HONEY_MACGUFFIN_PASSIVE_RELIGIOUS_PRESSURE_DISTANCE_BUFF_TIER3_NAME',   'GREAT_PERSON_HONEY_MACGUFFIN_PASSIVE_RELIGIOUS_PRESSURE_DISTANCE_BUFF_TIER3_GP',			'GREATWORKOBJECT_HONEY_MACGUFFIN_PASSIVE',										'LOC_GREATWORK_HOMER_2_QUOTE',           0 );
		

INSERT INTO Buildings
		(BuildingType,															Name,																Description,									 PrereqDistrict,			 AdvisorType, Cost, InternalOnly)
VALUES  ('BUILDING_HONEY_MACGUFFIN_HOLDER_PASSIVE_THEOLOGICAL_COMBAT_BUFF', 'LOC_GREATWORK_GREATWORKOBJECT_HONEY_MACGUFFIN_PASSIVE_THEOLOGICAL_COMBAT_BUFF_NAME',				'LOC_BUILDING_HONEY_MACGUFFIN_HOLDER_PASSIVE_THEOLOGICAL_COMBAT_BUFF_DESC',    'DISTRICT_CITY_CENTER',      'ADVISOR_GENERIC', 200, 1),
		('BUILDING_HONEY_MACGUFFIN_HOLDER_PASSIVE_THEOLOGICAL_COMBAT_BUFF_TIER2', 'LOC_GREATWORK_GREATWORKOBJECT_HONEY_MACGUFFIN_PASSIVE_THEOLOGICAL_COMBAT_BUFF_TIER2_NAME', 'LOC_BUILDING_HONEY_MACGUFFIN_HOLDER_PASSIVE_THEOLOGICAL_COMBAT_BUFF_TIER2_DESC',    'DISTRICT_CITY_CENTER',      'ADVISOR_GENERIC', 200, 1),
		('BUILDING_HONEY_MACGUFFIN_HOLDER_PASSIVE_THEOLOGICAL_COMBAT_BUFF_TIER3', 'LOC_GREATWORK_GREATWORKOBJECT_HONEY_MACGUFFIN_PASSIVE_THEOLOGICAL_COMBAT_BUFF_TIER3_NAME', 'LOC_BUILDING_HONEY_MACGUFFIN_HOLDER_PASSIVE_THEOLOGICAL_COMBAT_BUFF_TIER3_DESC',    'DISTRICT_CITY_CENTER',      'ADVISOR_GENERIC', 200, 1),
		
		('BUILDING_HONEY_MACGUFFIN_HOLDER_PASSIVE_RELIGIOUS_PRESSURE_STRENGTH_BUFF', 'LOC_GREATWORK_GREATWORKOBJECT_HONEY_MACGUFFIN_PASSIVE_RELIGIOUS_PRESSURE_STRENGTH_BUFF_NAME',				'LOC_BUILDING_HONEY_MACGUFFIN_HOLDER_PASSIVE_RELIGIOUS_PRESSURE_STRENGTH_BUFF_DESC',    'DISTRICT_CITY_CENTER',      'ADVISOR_GENERIC', 200, 1),
		('BUILDING_HONEY_MACGUFFIN_HOLDER_PASSIVE_RELIGIOUS_PRESSURE_STRENGTH_BUFF_TIER2', 'LOC_GREATWORK_GREATWORKOBJECT_HONEY_MACGUFFIN_PASSIVE_RELIGIOUS_PRESSURE_STRENGTH_BUFF_TIER2_NAME', 'LOC_BUILDING_HONEY_MACGUFFIN_HOLDER_PASSIVE_RELIGIOUS_PRESSURE_STRENGTH_BUFF_TIER2_DESC',    'DISTRICT_CITY_CENTER',      'ADVISOR_GENERIC', 200, 1),
		('BUILDING_HONEY_MACGUFFIN_HOLDER_PASSIVE_RELIGIOUS_PRESSURE_STRENGTH_BUFF_TIER3', 'LOC_GREATWORK_GREATWORKOBJECT_HONEY_MACGUFFIN_PASSIVE_RELIGIOUS_PRESSURE_STRENGTH_BUFF_TIER3_NAME', 'LOC_BUILDING_HONEY_MACGUFFIN_HOLDER_PASSIVE_RELIGIOUS_PRESSURE_STRENGTH_BUFF_TIER3_DESC',    'DISTRICT_CITY_CENTER',      'ADVISOR_GENERIC', 200, 1),
		
		('BUILDING_HONEY_MACGUFFIN_HOLDER_PASSIVE_RELIGIOUS_PRESSURE_DISTANCE_BUFF', 'LOC_GREATWORK_GREATWORKOBJECT_HONEY_MACGUFFIN_PASSIVE_RELIGIOUS_PRESSURE_DISTANCE_BUFF_NAME',				'LOC_BUILDING_HONEY_MACGUFFIN_HOLDER_PASSIVE_RELIGIOUS_PRESSURE_DISTANCE_BUFF_DESC',    'DISTRICT_CITY_CENTER',      'ADVISOR_GENERIC', 200, 1),
		('BUILDING_HONEY_MACGUFFIN_HOLDER_PASSIVE_RELIGIOUS_PRESSURE_DISTANCE_BUFF_TIER2', 'LOC_GREATWORK_GREATWORKOBJECT_HONEY_MACGUFFIN_PASSIVE_RELIGIOUS_PRESSURE_DISTANCE_BUFF_TIER2_NAME', 'LOC_BUILDING_HONEY_MACGUFFIN_HOLDER_PASSIVE_RELIGIOUS_PRESSURE_DISTANCE_BUFF_TIER2_DESC',    'DISTRICT_CITY_CENTER',      'ADVISOR_GENERIC', 200, 1),
		('BUILDING_HONEY_MACGUFFIN_HOLDER_PASSIVE_RELIGIOUS_PRESSURE_DISTANCE_BUFF_TIER3', 'LOC_GREATWORK_GREATWORKOBJECT_HONEY_MACGUFFIN_PASSIVE_RELIGIOUS_PRESSURE_DISTANCE_BUFF_TIER3_NAME', 'LOC_BUILDING_HONEY_MACGUFFIN_HOLDER_PASSIVE_RELIGIOUS_PRESSURE_DISTANCE_BUFF_TIER3_DESC',    'DISTRICT_CITY_CENTER',      'ADVISOR_GENERIC', 200, 1);
		

INSERT INTO BuildingModifiers
		(BuildingType,											 ModifierId)
VALUES  ('BUILDING_HONEY_MACGUFFIN_HOLDER_PASSIVE_THEOLOGICAL_COMBAT_BUFF',  'MODIFIER_HONEY_MACGUFFIN_PASSIVE_THEOLOGICAL_COMBAT_BUFF_ABILITY_GRANTER'),
		('BUILDING_HONEY_MACGUFFIN_HOLDER_PASSIVE_THEOLOGICAL_COMBAT_BUFF_TIER2',  'MODIFIER_HONEY_MACGUFFIN_PASSIVE_THEOLOGICAL_COMBAT_BUFF_TIER2_ABILITY_GRANTER'),
		('BUILDING_HONEY_MACGUFFIN_HOLDER_PASSIVE_THEOLOGICAL_COMBAT_BUFF_TIER3',  'MODIFIER_HONEY_MACGUFFIN_PASSIVE_THEOLOGICAL_COMBAT_BUFF_TIER3_ABILITY_GRANTER'),
		
		('BUILDING_HONEY_MACGUFFIN_HOLDER_PASSIVE_RELIGIOUS_PRESSURE_STRENGTH_BUFF',  'MODIFIER_HONEY_MACGUFFIN_PASSIVE_RELIGIOUS_PRESSURE_STRENGTH_BUFF'),
		('BUILDING_HONEY_MACGUFFIN_HOLDER_PASSIVE_RELIGIOUS_PRESSURE_STRENGTH_BUFF_TIER2',  'MODIFIER_HONEY_MACGUFFIN_PASSIVE_RELIGIOUS_PRESSURE_STRENGTH_BUFF_TIER2'),
		('BUILDING_HONEY_MACGUFFIN_HOLDER_PASSIVE_RELIGIOUS_PRESSURE_STRENGTH_BUFF_TIER3',  'MODIFIER_HONEY_MACGUFFIN_PASSIVE_RELIGIOUS_PRESSURE_STRENGTH_BUFF_TIER3'),
		
		('BUILDING_HONEY_MACGUFFIN_HOLDER_PASSIVE_RELIGIOUS_PRESSURE_DISTANCE_BUFF',  'MODIFIER_HONEY_MACGUFFIN_PASSIVE_RELIGIOUS_PRESSURE_DISTANCE_BUFF'),
		('BUILDING_HONEY_MACGUFFIN_HOLDER_PASSIVE_RELIGIOUS_PRESSURE_DISTANCE_BUFF_TIER2',  'MODIFIER_HONEY_MACGUFFIN_PASSIVE_RELIGIOUS_PRESSURE_DISTANCE_BUFF_TIER2'),
		('BUILDING_HONEY_MACGUFFIN_HOLDER_PASSIVE_RELIGIOUS_PRESSURE_DISTANCE_BUFF_TIER3',  'MODIFIER_HONEY_MACGUFFIN_PASSIVE_RELIGIOUS_PRESSURE_DISTANCE_BUFF_TIER3');
		


INSERT INTO ModifierArguments
		(ModifierId,														Name,		Value)
VALUES  ('MODIFIER_HONEY_MACGUFFIN_PASSIVE_THEOLOGICAL_COMBAT_BUFF_ABILITY_GRANTER',  'AbilityType', 'ABILITY_HONEY_MACGUFFIN_PASSIVE_THEOLOGICAL_COMBAT_BUFF'),
		('MODIFIER_HONEY_MACGUFFIN_PASSIVE_THEOLOGICAL_COMBAT_BUFF',                   'Amount',           2                                    ),
		('MODIFIER_HONEY_MACGUFFIN_PASSIVE_THEOLOGICAL_COMBAT_BUFF_TIER2_ABILITY_GRANTER',  'AbilityType', 'ABILITY_HONEY_MACGUFFIN_PASSIVE_THEOLOGICAL_COMBAT_BUFF_TIER2'),
		('MODIFIER_HONEY_MACGUFFIN_PASSIVE_THEOLOGICAL_COMBAT_BUFF_TIER2',                   'Amount',           4                                     ),
		('MODIFIER_HONEY_MACGUFFIN_PASSIVE_THEOLOGICAL_COMBAT_BUFF_TIER3_ABILITY_GRANTER',  'AbilityType', 'ABILITY_HONEY_MACGUFFIN_PASSIVE_THEOLOGICAL_COMBAT_BUFF_TIER3'),
		('MODIFIER_HONEY_MACGUFFIN_PASSIVE_THEOLOGICAL_COMBAT_BUFF_TIER3',                   'Amount',           7                            ),
		
		('MODIFIER_HONEY_MACGUFFIN_PASSIVE_RELIGIOUS_PRESSURE_STRENGTH_BUFF',                   'SpreadMultiplier',           25                                     ),
		('MODIFIER_HONEY_MACGUFFIN_PASSIVE_RELIGIOUS_PRESSURE_STRENGTH_BUFF_TIER2',                   'SpreadMultiplier',           50                                     ),
		('MODIFIER_HONEY_MACGUFFIN_PASSIVE_RELIGIOUS_PRESSURE_STRENGTH_BUFF_TIER3',                   'SpreadMultiplier',           75                            ),
		
		('MODIFIER_HONEY_MACGUFFIN_PASSIVE_RELIGIOUS_PRESSURE_DISTANCE_BUFF',                   'DistanceChange',           5                                     ),
		('MODIFIER_HONEY_MACGUFFIN_PASSIVE_RELIGIOUS_PRESSURE_DISTANCE_BUFF_TIER2',                   'DistanceChange',           8                                     ),
		('MODIFIER_HONEY_MACGUFFIN_PASSIVE_RELIGIOUS_PRESSURE_DISTANCE_BUFF_TIER3',                   'DistanceChange',           12                            );
		


INSERT INTO ModifierStrings
		(ModifierId,									Context,			 Text)
VALUES  ('MODIFIER_HONEY_MACGUFFIN_PASSIVE_THEOLOGICAL_COMBAT_BUFF', 'Preview', 'LOC_ABILITY_HONEY_MACGUFFIN_PASSIVE_THEOLOGICAL_COMBAT_BUFF_DESC' ),
		('MODIFIER_HONEY_MACGUFFIN_PASSIVE_THEOLOGICAL_COMBAT_BUFF_TIER2', 'Preview', 'LOC_ABILITY_HONEY_MACGUFFIN_PASSIVE_THEOLOGICAL_COMBAT_BUFF_TIER2_DESC' ),
		('MODIFIER_HONEY_MACGUFFIN_PASSIVE_THEOLOGICAL_COMBAT_BUFF_TIER3', 'Preview', 'LOC_ABILITY_HONEY_MACGUFFIN_PASSIVE_THEOLOGICAL_COMBAT_BUFF_TIER3_DESC' );
		

		
