-- Honey_Macguffin_Passive_FlatYields
-- Author: HoneyTheBear
-- DateCreated: 7/9/2023 10:08:49 PM
--------------------------------------------------------------

--simplest possible, passive macguffins that just give a nice yield.

-- ###################### 6 ########################

-- to do
	-- science 0
	-- culture 1
	-- gold 2
	-- faith 3
	-- production 4
	-- food 5


INSERT INTO Types 

		(Type, Kind)
VALUES  ('GREATWORK_GREATWORKOBJECT_HONEY_MACGUFFIN_PASSIVE_FLAT_SCIENCE',				'KIND_GREATWORK'),
		('GREATWORK_GREATWORKOBJECT_HONEY_MACGUFFIN_PASSIVE_FLAT_SCIENCE_TIER2',				'KIND_GREATWORK'),
		('GREATWORK_GREATWORKOBJECT_HONEY_MACGUFFIN_PASSIVE_FLAT_SCIENCE_TIER3',				'KIND_GREATWORK'),
		('GREAT_PERSON_HONEY_MACGUFFIN_PASSIVE_FLAT_SCIENCE_GP',				'KIND_GREAT_PERSON_INDIVIDUAL'),
		('GREAT_PERSON_HONEY_MACGUFFIN_PASSIVE_FLAT_SCIENCE_TIER2_GP',				'KIND_GREAT_PERSON_INDIVIDUAL'),
		('GREAT_PERSON_HONEY_MACGUFFIN_PASSIVE_FLAT_SCIENCE_TIER3_GP',				'KIND_GREAT_PERSON_INDIVIDUAL'),
		('BUILDING_HONEY_MACGUFFIN_HOLDER_PASSIVE_FLAT_SCIENCE_TIER2',          'KIND_BUILDING'),
		('BUILDING_HONEY_MACGUFFIN_HOLDER_PASSIVE_FLAT_SCIENCE_TIER3',          'KIND_BUILDING'),
		('BUILDING_HONEY_MACGUFFIN_HOLDER_PASSIVE_FLAT_SCIENCE',          'KIND_BUILDING'),
		
		('GREATWORK_GREATWORKOBJECT_HONEY_MACGUFFIN_PASSIVE_FLAT_CULTURE',				'KIND_GREATWORK'),
		('GREATWORK_GREATWORKOBJECT_HONEY_MACGUFFIN_PASSIVE_FLAT_CULTURE_TIER2',				'KIND_GREATWORK'),
		('GREATWORK_GREATWORKOBJECT_HONEY_MACGUFFIN_PASSIVE_FLAT_CULTURE_TIER3',				'KIND_GREATWORK'),
		('GREAT_PERSON_HONEY_MACGUFFIN_PASSIVE_FLAT_CULTURE_GP',				'KIND_GREAT_PERSON_INDIVIDUAL'),
		('GREAT_PERSON_HONEY_MACGUFFIN_PASSIVE_FLAT_CULTURE_TIER2_GP',				'KIND_GREAT_PERSON_INDIVIDUAL'),
		('GREAT_PERSON_HONEY_MACGUFFIN_PASSIVE_FLAT_CULTURE_TIER3_GP',				'KIND_GREAT_PERSON_INDIVIDUAL'),
		('BUILDING_HONEY_MACGUFFIN_HOLDER_PASSIVE_FLAT_CULTURE_TIER2',          'KIND_BUILDING'),
		('BUILDING_HONEY_MACGUFFIN_HOLDER_PASSIVE_FLAT_CULTURE_TIER3',          'KIND_BUILDING'),
		('BUILDING_HONEY_MACGUFFIN_HOLDER_PASSIVE_FLAT_CULTURE',          'KIND_BUILDING'),
		
		('GREATWORK_GREATWORKOBJECT_HONEY_MACGUFFIN_PASSIVE_FLAT_GOLD',				'KIND_GREATWORK'),
		('GREATWORK_GREATWORKOBJECT_HONEY_MACGUFFIN_PASSIVE_FLAT_GOLD_TIER2',				'KIND_GREATWORK'),
		('GREATWORK_GREATWORKOBJECT_HONEY_MACGUFFIN_PASSIVE_FLAT_GOLD_TIER3',				'KIND_GREATWORK'),
		('GREAT_PERSON_HONEY_MACGUFFIN_PASSIVE_FLAT_GOLD_GP',				'KIND_GREAT_PERSON_INDIVIDUAL'),
		('GREAT_PERSON_HONEY_MACGUFFIN_PASSIVE_FLAT_GOLD_TIER2_GP',				'KIND_GREAT_PERSON_INDIVIDUAL'),
		('GREAT_PERSON_HONEY_MACGUFFIN_PASSIVE_FLAT_GOLD_TIER3_GP',				'KIND_GREAT_PERSON_INDIVIDUAL'),
		('BUILDING_HONEY_MACGUFFIN_HOLDER_PASSIVE_FLAT_GOLD_TIER2',          'KIND_BUILDING'),
		('BUILDING_HONEY_MACGUFFIN_HOLDER_PASSIVE_FLAT_GOLD_TIER3',          'KIND_BUILDING'),
		('BUILDING_HONEY_MACGUFFIN_HOLDER_PASSIVE_FLAT_GOLD',          'KIND_BUILDING'),
		
		('GREATWORK_GREATWORKOBJECT_HONEY_MACGUFFIN_PASSIVE_FLAT_FAITH',				'KIND_GREATWORK'),
		('GREATWORK_GREATWORKOBJECT_HONEY_MACGUFFIN_PASSIVE_FLAT_FAITH_TIER2',				'KIND_GREATWORK'),
		('GREATWORK_GREATWORKOBJECT_HONEY_MACGUFFIN_PASSIVE_FLAT_FAITH_TIER3',				'KIND_GREATWORK'),
		('GREAT_PERSON_HONEY_MACGUFFIN_PASSIVE_FLAT_FAITH_GP',				'KIND_GREAT_PERSON_INDIVIDUAL'),
		('GREAT_PERSON_HONEY_MACGUFFIN_PASSIVE_FLAT_FAITH_TIER2_GP',				'KIND_GREAT_PERSON_INDIVIDUAL'),
		('GREAT_PERSON_HONEY_MACGUFFIN_PASSIVE_FLAT_FAITH_TIER3_GP',				'KIND_GREAT_PERSON_INDIVIDUAL'),
		('BUILDING_HONEY_MACGUFFIN_HOLDER_PASSIVE_FLAT_FAITH_TIER2',          'KIND_BUILDING'),
		('BUILDING_HONEY_MACGUFFIN_HOLDER_PASSIVE_FLAT_FAITH_TIER3',          'KIND_BUILDING'),
		('BUILDING_HONEY_MACGUFFIN_HOLDER_PASSIVE_FLAT_FAITH',          'KIND_BUILDING'),
		
		('GREATWORK_GREATWORKOBJECT_HONEY_MACGUFFIN_PASSIVE_FLAT_FOOD',				'KIND_GREATWORK'),
		('GREATWORK_GREATWORKOBJECT_HONEY_MACGUFFIN_PASSIVE_FLAT_FOOD_TIER2',				'KIND_GREATWORK'),
		('GREATWORK_GREATWORKOBJECT_HONEY_MACGUFFIN_PASSIVE_FLAT_FOOD_TIER3',				'KIND_GREATWORK'),
		('GREAT_PERSON_HONEY_MACGUFFIN_PASSIVE_FLAT_FOOD_GP',				'KIND_GREAT_PERSON_INDIVIDUAL'),
		('GREAT_PERSON_HONEY_MACGUFFIN_PASSIVE_FLAT_FOOD_TIER2_GP',				'KIND_GREAT_PERSON_INDIVIDUAL'),
		('GREAT_PERSON_HONEY_MACGUFFIN_PASSIVE_FLAT_FOOD_TIER3_GP',				'KIND_GREAT_PERSON_INDIVIDUAL'),
		('BUILDING_HONEY_MACGUFFIN_HOLDER_PASSIVE_FLAT_FOOD_TIER2',          'KIND_BUILDING'),
		('BUILDING_HONEY_MACGUFFIN_HOLDER_PASSIVE_FLAT_FOOD_TIER3',          'KIND_BUILDING'),
		('BUILDING_HONEY_MACGUFFIN_HOLDER_PASSIVE_FLAT_FOOD',          'KIND_BUILDING'),
		
		('GREATWORK_GREATWORKOBJECT_HONEY_MACGUFFIN_PASSIVE_FLAT_PRODUCTION',				'KIND_GREATWORK'),
		('GREATWORK_GREATWORKOBJECT_HONEY_MACGUFFIN_PASSIVE_FLAT_PRODUCTION_TIER2',				'KIND_GREATWORK'),
		('GREATWORK_GREATWORKOBJECT_HONEY_MACGUFFIN_PASSIVE_FLAT_PRODUCTION_TIER3',				'KIND_GREATWORK'),
		('GREAT_PERSON_HONEY_MACGUFFIN_PASSIVE_FLAT_PRODUCTION_GP',				'KIND_GREAT_PERSON_INDIVIDUAL'),
		('GREAT_PERSON_HONEY_MACGUFFIN_PASSIVE_FLAT_PRODUCTION_TIER2_GP',				'KIND_GREAT_PERSON_INDIVIDUAL'),
		('GREAT_PERSON_HONEY_MACGUFFIN_PASSIVE_FLAT_PRODUCTION_TIER3_GP',				'KIND_GREAT_PERSON_INDIVIDUAL'),
		('BUILDING_HONEY_MACGUFFIN_HOLDER_PASSIVE_FLAT_PRODUCTION_TIER2',          'KIND_BUILDING'),
		('BUILDING_HONEY_MACGUFFIN_HOLDER_PASSIVE_FLAT_PRODUCTION_TIER3',          'KIND_BUILDING'),
		('BUILDING_HONEY_MACGUFFIN_HOLDER_PASSIVE_FLAT_PRODUCTION',          'KIND_BUILDING');



INSERT INTO GreatPersonIndividuals
			(GreatPersonIndividualType,						Name,						GreatPersonClassType,			 eraType,					Gender,		 ActionCharges,            ActionEffectTextOverride)
VALUES ('GREAT_PERSON_HONEY_MACGUFFIN_PASSIVE_FLAT_SCIENCE_GP', 'LOC_GREAT_PERSON_HONEY_MACGUFFIN_GP_NAME',  'GREAT_PERSON_HONEY_MACGUFFIN_GP' ,     'HONEY_MACGUFFIN_DUMMY_ERA',        'M',            0,					'LOC_GREAT_PERSON_HONEY_MACGUFFIN_ACTION'),
	   ('GREAT_PERSON_HONEY_MACGUFFIN_PASSIVE_FLAT_SCIENCE_TIER2_GP', 'LOC_GREAT_PERSON_HONEY_MACGUFFIN_GP_NAME',  'GREAT_PERSON_HONEY_MACGUFFIN_GP' ,     'HONEY_MACGUFFIN_DUMMY_ERA',        'M',            0,					'LOC_GREAT_PERSON_HONEY_MACGUFFIN_ACTION'),
	   ('GREAT_PERSON_HONEY_MACGUFFIN_PASSIVE_FLAT_SCIENCE_TIER3_GP', 'LOC_GREAT_PERSON_HONEY_MACGUFFIN_GP_NAME',  'GREAT_PERSON_HONEY_MACGUFFIN_GP' ,     'HONEY_MACGUFFIN_DUMMY_ERA',        'M',            0,					'LOC_GREAT_PERSON_HONEY_MACGUFFIN_ACTION'),
	   
	   ('GREAT_PERSON_HONEY_MACGUFFIN_PASSIVE_FLAT_CULTURE_GP', 'LOC_GREAT_PERSON_HONEY_MACGUFFIN_GP_NAME',  'GREAT_PERSON_HONEY_MACGUFFIN_GP' ,     'HONEY_MACGUFFIN_DUMMY_ERA',        'M',            0,					'LOC_GREAT_PERSON_HONEY_MACGUFFIN_ACTION'),
	   ('GREAT_PERSON_HONEY_MACGUFFIN_PASSIVE_FLAT_CULTURE_TIER2_GP', 'LOC_GREAT_PERSON_HONEY_MACGUFFIN_GP_NAME',  'GREAT_PERSON_HONEY_MACGUFFIN_GP' ,     'HONEY_MACGUFFIN_DUMMY_ERA',        'M',            0,					'LOC_GREAT_PERSON_HONEY_MACGUFFIN_ACTION'),
	   ('GREAT_PERSON_HONEY_MACGUFFIN_PASSIVE_FLAT_CULTURE_TIER3_GP', 'LOC_GREAT_PERSON_HONEY_MACGUFFIN_GP_NAME',  'GREAT_PERSON_HONEY_MACGUFFIN_GP' ,     'HONEY_MACGUFFIN_DUMMY_ERA',        'M',            0,					'LOC_GREAT_PERSON_HONEY_MACGUFFIN_ACTION'),
	   
	   ('GREAT_PERSON_HONEY_MACGUFFIN_PASSIVE_FLAT_GOLD_GP', 'LOC_GREAT_PERSON_HONEY_MACGUFFIN_GP_NAME',  'GREAT_PERSON_HONEY_MACGUFFIN_GP' ,     'HONEY_MACGUFFIN_DUMMY_ERA',        'M',            0,					'LOC_GREAT_PERSON_HONEY_MACGUFFIN_ACTION'),
	   ('GREAT_PERSON_HONEY_MACGUFFIN_PASSIVE_FLAT_GOLD_TIER2_GP', 'LOC_GREAT_PERSON_HONEY_MACGUFFIN_GP_NAME',  'GREAT_PERSON_HONEY_MACGUFFIN_GP' ,     'HONEY_MACGUFFIN_DUMMY_ERA',        'M',            0,					'LOC_GREAT_PERSON_HONEY_MACGUFFIN_ACTION'),
	   ('GREAT_PERSON_HONEY_MACGUFFIN_PASSIVE_FLAT_GOLD_TIER3_GP', 'LOC_GREAT_PERSON_HONEY_MACGUFFIN_GP_NAME',  'GREAT_PERSON_HONEY_MACGUFFIN_GP' ,     'HONEY_MACGUFFIN_DUMMY_ERA',        'M',            0,					'LOC_GREAT_PERSON_HONEY_MACGUFFIN_ACTION'),
	   
	   ('GREAT_PERSON_HONEY_MACGUFFIN_PASSIVE_FLAT_FAITH_GP', 'LOC_GREAT_PERSON_HONEY_MACGUFFIN_GP_NAME',  'GREAT_PERSON_HONEY_MACGUFFIN_GP' ,     'HONEY_MACGUFFIN_DUMMY_ERA',        'M',            0,					'LOC_GREAT_PERSON_HONEY_MACGUFFIN_ACTION'),
	   ('GREAT_PERSON_HONEY_MACGUFFIN_PASSIVE_FLAT_FAITH_TIER2_GP', 'LOC_GREAT_PERSON_HONEY_MACGUFFIN_GP_NAME',  'GREAT_PERSON_HONEY_MACGUFFIN_GP' ,     'HONEY_MACGUFFIN_DUMMY_ERA',        'M',            0,					'LOC_GREAT_PERSON_HONEY_MACGUFFIN_ACTION'),
	   ('GREAT_PERSON_HONEY_MACGUFFIN_PASSIVE_FLAT_FAITH_TIER3_GP', 'LOC_GREAT_PERSON_HONEY_MACGUFFIN_GP_NAME',  'GREAT_PERSON_HONEY_MACGUFFIN_GP' ,     'HONEY_MACGUFFIN_DUMMY_ERA',        'M',            0,					'LOC_GREAT_PERSON_HONEY_MACGUFFIN_ACTION'),
	    
	   ('GREAT_PERSON_HONEY_MACGUFFIN_PASSIVE_FLAT_FOOD_GP', 'LOC_GREAT_PERSON_HONEY_MACGUFFIN_GP_NAME',  'GREAT_PERSON_HONEY_MACGUFFIN_GP' ,     'HONEY_MACGUFFIN_DUMMY_ERA',        'M',            0,					'LOC_GREAT_PERSON_HONEY_MACGUFFIN_ACTION'),
	   ('GREAT_PERSON_HONEY_MACGUFFIN_PASSIVE_FLAT_FOOD_TIER2_GP', 'LOC_GREAT_PERSON_HONEY_MACGUFFIN_GP_NAME',  'GREAT_PERSON_HONEY_MACGUFFIN_GP' ,     'HONEY_MACGUFFIN_DUMMY_ERA',        'M',            0,					'LOC_GREAT_PERSON_HONEY_MACGUFFIN_ACTION'),
	   ('GREAT_PERSON_HONEY_MACGUFFIN_PASSIVE_FLAT_FOOD_TIER3_GP', 'LOC_GREAT_PERSON_HONEY_MACGUFFIN_GP_NAME',  'GREAT_PERSON_HONEY_MACGUFFIN_GP' ,     'HONEY_MACGUFFIN_DUMMY_ERA',        'M',            0,					'LOC_GREAT_PERSON_HONEY_MACGUFFIN_ACTION'),
	   
	   ('GREAT_PERSON_HONEY_MACGUFFIN_PASSIVE_FLAT_PRODUCTION_GP', 'LOC_GREAT_PERSON_HONEY_MACGUFFIN_GP_NAME',  'GREAT_PERSON_HONEY_MACGUFFIN_GP' ,     'HONEY_MACGUFFIN_DUMMY_ERA',        'M',            0,					'LOC_GREAT_PERSON_HONEY_MACGUFFIN_ACTION'),
	   ('GREAT_PERSON_HONEY_MACGUFFIN_PASSIVE_FLAT_PRODUCTION_TIER2_GP', 'LOC_GREAT_PERSON_HONEY_MACGUFFIN_GP_NAME',  'GREAT_PERSON_HONEY_MACGUFFIN_GP' ,     'HONEY_MACGUFFIN_DUMMY_ERA',        'M',            0,					'LOC_GREAT_PERSON_HONEY_MACGUFFIN_ACTION'),
	   ('GREAT_PERSON_HONEY_MACGUFFIN_PASSIVE_FLAT_PRODUCTION_TIER3_GP', 'LOC_GREAT_PERSON_HONEY_MACGUFFIN_GP_NAME',  'GREAT_PERSON_HONEY_MACGUFFIN_GP' ,     'HONEY_MACGUFFIN_DUMMY_ERA',        'M',            0,					'LOC_GREAT_PERSON_HONEY_MACGUFFIN_ACTION');


INSERT INTO GreatWorks
		(GreatWorkType,																										 Name,									      GreatPersonIndividualType,							 GreatWorkObjectType,																			 Quote ,          Tourism )
VALUES  ('GREATWORK_GREATWORKOBJECT_HONEY_MACGUFFIN_PASSIVE_FLAT_SCIENCE',     'LOC_GREATWORK_GREATWORKOBJECT_HONEY_MACGUFFIN_PASSIVE_FLAT_SCIENCE_NAME',   'GREAT_PERSON_HONEY_MACGUFFIN_PASSIVE_FLAT_SCIENCE_GP',			'GREATWORKOBJECT_HONEY_MACGUFFIN_PASSIVE',										'LOC_GREATWORK_HOMER_2_QUOTE',           0 ),
		('GREATWORK_GREATWORKOBJECT_HONEY_MACGUFFIN_PASSIVE_FLAT_SCIENCE_TIER2',     'LOC_GREATWORK_GREATWORKOBJECT_HONEY_MACGUFFIN_PASSIVE_FLAT_SCIENCE_TIER2_NAME',   'GREAT_PERSON_HONEY_MACGUFFIN_PASSIVE_FLAT_SCIENCE_TIER2_GP',			'GREATWORKOBJECT_HONEY_MACGUFFIN_PASSIVE',										'LOC_GREATWORK_HOMER_2_QUOTE',           0 ),
		('GREATWORK_GREATWORKOBJECT_HONEY_MACGUFFIN_PASSIVE_FLAT_SCIENCE_TIER3',     'LOC_GREATWORK_GREATWORKOBJECT_HONEY_MACGUFFIN_PASSIVE_FLAT_SCIENCE_TIER3_NAME',   'GREAT_PERSON_HONEY_MACGUFFIN_PASSIVE_FLAT_SCIENCE_TIER3_GP',			'GREATWORKOBJECT_HONEY_MACGUFFIN_PASSIVE',										'LOC_GREATWORK_HOMER_2_QUOTE',           0 ),

		('GREATWORK_GREATWORKOBJECT_HONEY_MACGUFFIN_PASSIVE_FLAT_CULTURE',     'LOC_GREATWORK_GREATWORKOBJECT_HONEY_MACGUFFIN_PASSIVE_FLAT_CULTURE_NAME',   'GREAT_PERSON_HONEY_MACGUFFIN_PASSIVE_FLAT_CULTURE_GP',			'GREATWORKOBJECT_HONEY_MACGUFFIN_PASSIVE',										'LOC_GREATWORK_HOMER_2_QUOTE',           0 ),
		('GREATWORK_GREATWORKOBJECT_HONEY_MACGUFFIN_PASSIVE_FLAT_CULTURE_TIER2',     'LOC_GREATWORK_GREATWORKOBJECT_HONEY_MACGUFFIN_PASSIVE_FLAT_CULTURE_TIER2_NAME',   'GREAT_PERSON_HONEY_MACGUFFIN_PASSIVE_FLAT_CULTURE_TIER2_GP',			'GREATWORKOBJECT_HONEY_MACGUFFIN_PASSIVE',										'LOC_GREATWORK_HOMER_2_QUOTE',           0 ),
		('GREATWORK_GREATWORKOBJECT_HONEY_MACGUFFIN_PASSIVE_FLAT_CULTURE_TIER3',     'LOC_GREATWORK_GREATWORKOBJECT_HONEY_MACGUFFIN_PASSIVE_FLAT_CULTURE_TIER3_NAME',   'GREAT_PERSON_HONEY_MACGUFFIN_PASSIVE_FLAT_CULTURE_TIER3_GP',			'GREATWORKOBJECT_HONEY_MACGUFFIN_PASSIVE',										'LOC_GREATWORK_HOMER_2_QUOTE',           0 ),
		
		('GREATWORK_GREATWORKOBJECT_HONEY_MACGUFFIN_PASSIVE_FLAT_GOLD',     'LOC_GREATWORK_GREATWORKOBJECT_HONEY_MACGUFFIN_PASSIVE_FLAT_GOLD_NAME',   'GREAT_PERSON_HONEY_MACGUFFIN_PASSIVE_FLAT_GOLD_GP',			'GREATWORKOBJECT_HONEY_MACGUFFIN_PASSIVE',										'LOC_GREATWORK_HOMER_2_QUOTE',           0 ),
		('GREATWORK_GREATWORKOBJECT_HONEY_MACGUFFIN_PASSIVE_FLAT_GOLD_TIER2',     'LOC_GREATWORK_GREATWORKOBJECT_HONEY_MACGUFFIN_PASSIVE_FLAT_GOLD_TIER2_NAME',   'GREAT_PERSON_HONEY_MACGUFFIN_PASSIVE_FLAT_GOLD_TIER2_GP',			'GREATWORKOBJECT_HONEY_MACGUFFIN_PASSIVE',										'LOC_GREATWORK_HOMER_2_QUOTE',           0 ),
		('GREATWORK_GREATWORKOBJECT_HONEY_MACGUFFIN_PASSIVE_FLAT_GOLD_TIER3',     'LOC_GREATWORK_GREATWORKOBJECT_HONEY_MACGUFFIN_PASSIVE_FLAT_GOLD_TIER3_NAME',   'GREAT_PERSON_HONEY_MACGUFFIN_PASSIVE_FLAT_GOLD_TIER3_GP',			'GREATWORKOBJECT_HONEY_MACGUFFIN_PASSIVE',										'LOC_GREATWORK_HOMER_2_QUOTE',           0 ),

		('GREATWORK_GREATWORKOBJECT_HONEY_MACGUFFIN_PASSIVE_FLAT_FAITH',     'LOC_GREATWORK_GREATWORKOBJECT_HONEY_MACGUFFIN_PASSIVE_FLAT_FAITH_NAME',   'GREAT_PERSON_HONEY_MACGUFFIN_PASSIVE_FLAT_FAITH_GP',			'GREATWORKOBJECT_HONEY_MACGUFFIN_PASSIVE',										'LOC_GREATWORK_HOMER_2_QUOTE',           0 ),
		('GREATWORK_GREATWORKOBJECT_HONEY_MACGUFFIN_PASSIVE_FLAT_FAITH_TIER2',     'LOC_GREATWORK_GREATWORKOBJECT_HONEY_MACGUFFIN_PASSIVE_FLAT_FAITH_TIER2_NAME',   'GREAT_PERSON_HONEY_MACGUFFIN_PASSIVE_FLAT_FAITH_TIER2_GP',			'GREATWORKOBJECT_HONEY_MACGUFFIN_PASSIVE',										'LOC_GREATWORK_HOMER_2_QUOTE',           0 ),
		('GREATWORK_GREATWORKOBJECT_HONEY_MACGUFFIN_PASSIVE_FLAT_FAITH_TIER3',     'LOC_GREATWORK_GREATWORKOBJECT_HONEY_MACGUFFIN_PASSIVE_FLAT_FAITH_TIER3_NAME',   'GREAT_PERSON_HONEY_MACGUFFIN_PASSIVE_FLAT_FAITH_TIER3_GP',			'GREATWORKOBJECT_HONEY_MACGUFFIN_PASSIVE',										'LOC_GREATWORK_HOMER_2_QUOTE',           0 ),

		('GREATWORK_GREATWORKOBJECT_HONEY_MACGUFFIN_PASSIVE_FLAT_FOOD',     'LOC_GREATWORK_GREATWORKOBJECT_HONEY_MACGUFFIN_PASSIVE_FLAT_FOOD_NAME',   'GREAT_PERSON_HONEY_MACGUFFIN_PASSIVE_FLAT_FOOD_GP',			'GREATWORKOBJECT_HONEY_MACGUFFIN_PASSIVE',										'LOC_GREATWORK_HOMER_2_QUOTE',           0 ),
		('GREATWORK_GREATWORKOBJECT_HONEY_MACGUFFIN_PASSIVE_FLAT_FOOD_TIER2',     'LOC_GREATWORK_GREATWORKOBJECT_HONEY_MACGUFFIN_PASSIVE_FLAT_FOOD_TIER2_NAME',   'GREAT_PERSON_HONEY_MACGUFFIN_PASSIVE_FLAT_FOOD_TIER2_GP',			'GREATWORKOBJECT_HONEY_MACGUFFIN_PASSIVE',										'LOC_GREATWORK_HOMER_2_QUOTE',           0 ),
		('GREATWORK_GREATWORKOBJECT_HONEY_MACGUFFIN_PASSIVE_FLAT_FOOD_TIER3',     'LOC_GREATWORK_GREATWORKOBJECT_HONEY_MACGUFFIN_PASSIVE_FLAT_FOOD_TIER3_NAME',   'GREAT_PERSON_HONEY_MACGUFFIN_PASSIVE_FLAT_FOOD_TIER3_GP',			'GREATWORKOBJECT_HONEY_MACGUFFIN_PASSIVE',										'LOC_GREATWORK_HOMER_2_QUOTE',           0 ),
		
		('GREATWORK_GREATWORKOBJECT_HONEY_MACGUFFIN_PASSIVE_FLAT_PRODUCTION',     'LOC_GREATWORK_GREATWORKOBJECT_HONEY_MACGUFFIN_PASSIVE_FLAT_PRODUCTION_NAME',   'GREAT_PERSON_HONEY_MACGUFFIN_PASSIVE_FLAT_PRODUCTION_GP',			'GREATWORKOBJECT_HONEY_MACGUFFIN_PASSIVE',										'LOC_GREATWORK_HOMER_2_QUOTE',           0 ),
		('GREATWORK_GREATWORKOBJECT_HONEY_MACGUFFIN_PASSIVE_FLAT_PRODUCTION_TIER2',     'LOC_GREATWORK_GREATWORKOBJECT_HONEY_MACGUFFIN_PASSIVE_FLAT_PRODUCTION_TIER2_NAME',   'GREAT_PERSON_HONEY_MACGUFFIN_PASSIVE_FLAT_PRODUCTION_TIER2_GP',			'GREATWORKOBJECT_HONEY_MACGUFFIN_PASSIVE',										'LOC_GREATWORK_HOMER_2_QUOTE',           0 ),
		('GREATWORK_GREATWORKOBJECT_HONEY_MACGUFFIN_PASSIVE_FLAT_PRODUCTION_TIER3',     'LOC_GREATWORK_GREATWORKOBJECT_HONEY_MACGUFFIN_PASSIVE_FLAT_PRODUCTION_TIER3_NAME',   'GREAT_PERSON_HONEY_MACGUFFIN_PASSIVE_FLAT_PRODUCTION_TIER3_GP',			'GREATWORKOBJECT_HONEY_MACGUFFIN_PASSIVE',										'LOC_GREATWORK_HOMER_2_QUOTE',           0 );








INSERT INTO Buildings
		(BuildingType,															Name,																Description,									 PrereqDistrict,			 AdvisorType, Cost, InternalOnly)
VALUES  ('BUILDING_HONEY_MACGUFFIN_HOLDER_PASSIVE_FLAT_SCIENCE', 'LOC_GREATWORK_GREATWORKOBJECT_HONEY_MACGUFFIN_PASSIVE_FLAT_SCIENCE_NAME', 'LOC_BUILDING_HONEY_MACGUFFIN_HOLDER_PASSIVE_FLAT_SCIENCE_DESC',    'DISTRICT_CITY_CENTER',      'ADVISOR_GENERIC', 200, 1),
		('BUILDING_HONEY_MACGUFFIN_HOLDER_PASSIVE_FLAT_SCIENCE_TIER2', 'LOC_GREATWORK_GREATWORKOBJECT_HONEY_MACGUFFIN_PASSIVE_FLAT_SCIENCE_TIER2_NAME', 'LOC_BUILDING_HONEY_MACGUFFIN_HOLDER_PASSIVE_FLAT_SCIENCE_TIER2_DESC',    'DISTRICT_CITY_CENTER',      'ADVISOR_GENERIC', 200, 1),
		('BUILDING_HONEY_MACGUFFIN_HOLDER_PASSIVE_FLAT_SCIENCE_TIER3', 'LOC_GREATWORK_GREATWORKOBJECT_HONEY_MACGUFFIN_PASSIVE_FLAT_SCIENCE_TIER3_NAME', 'LOC_BUILDING_HONEY_MACGUFFIN_HOLDER_PASSIVE_FLAT_SCIENCE_TIER3_DESC',    'DISTRICT_CITY_CENTER',      'ADVISOR_GENERIC', 200, 1), 

		('BUILDING_HONEY_MACGUFFIN_HOLDER_PASSIVE_FLAT_CULTURE', 'LOC_GREATWORK_GREATWORKOBJECT_HONEY_MACGUFFIN_PASSIVE_FLAT_CULTURE_NAME', 'LOC_BUILDING_HONEY_MACGUFFIN_HOLDER_PASSIVE_FLAT_CULTURE_DESC',    'DISTRICT_CITY_CENTER',      'ADVISOR_GENERIC', 200, 1),
		('BUILDING_HONEY_MACGUFFIN_HOLDER_PASSIVE_FLAT_CULTURE_TIER2', 'LOC_GREATWORK_GREATWORKOBJECT_HONEY_MACGUFFIN_PASSIVE_FLAT_CULTURE_TIER2_NAME', 'LOC_BUILDING_HONEY_MACGUFFIN_HOLDER_PASSIVE_FLAT_CULTURE_TIER2_DESC',    'DISTRICT_CITY_CENTER',      'ADVISOR_GENERIC', 200, 1),
		('BUILDING_HONEY_MACGUFFIN_HOLDER_PASSIVE_FLAT_CULTURE_TIER3', 'LOC_GREATWORK_GREATWORKOBJECT_HONEY_MACGUFFIN_PASSIVE_FLAT_CULTURE_TIER3_NAME', 'LOC_BUILDING_HONEY_MACGUFFIN_HOLDER_PASSIVE_FLAT_CULTURE_TIER3_DESC',    'DISTRICT_CITY_CENTER',      'ADVISOR_GENERIC', 200, 1),
		
		('BUILDING_HONEY_MACGUFFIN_HOLDER_PASSIVE_FLAT_GOLD', 'LOC_GREATWORK_GREATWORKOBJECT_HONEY_MACGUFFIN_PASSIVE_FLAT_GOLD_NAME', 'LOC_BUILDING_HONEY_MACGUFFIN_HOLDER_PASSIVE_FLAT_GOLD_DESC',    'DISTRICT_CITY_CENTER',      'ADVISOR_GENERIC', 200, 1),
		('BUILDING_HONEY_MACGUFFIN_HOLDER_PASSIVE_FLAT_GOLD_TIER2', 'LOC_GREATWORK_GREATWORKOBJECT_HONEY_MACGUFFIN_PASSIVE_FLAT_GOLD_TIER2_NAME', 'LOC_BUILDING_HONEY_MACGUFFIN_HOLDER_PASSIVE_FLAT_GOLD_TIER2_DESC',    'DISTRICT_CITY_CENTER',      'ADVISOR_GENERIC', 200, 1),
		('BUILDING_HONEY_MACGUFFIN_HOLDER_PASSIVE_FLAT_GOLD_TIER3', 'LOC_GREATWORK_GREATWORKOBJECT_HONEY_MACGUFFIN_PASSIVE_FLAT_GOLD_TIER3_NAME', 'LOC_BUILDING_HONEY_MACGUFFIN_HOLDER_PASSIVE_FLAT_GOLD_TIER3_DESC',    'DISTRICT_CITY_CENTER',      'ADVISOR_GENERIC', 200, 1),
		
		('BUILDING_HONEY_MACGUFFIN_HOLDER_PASSIVE_FLAT_FAITH', 'LOC_GREATWORK_GREATWORKOBJECT_HONEY_MACGUFFIN_PASSIVE_FLAT_FAITH_NAME', 'LOC_BUILDING_HONEY_MACGUFFIN_HOLDER_PASSIVE_FLAT_FAITH_DESC',    'DISTRICT_CITY_CENTER',      'ADVISOR_GENERIC', 200, 1),
		('BUILDING_HONEY_MACGUFFIN_HOLDER_PASSIVE_FLAT_FAITH_TIER2', 'LOC_GREATWORK_GREATWORKOBJECT_HONEY_MACGUFFIN_PASSIVE_FLAT_FAITH_TIER2_NAME', 'LOC_BUILDING_HONEY_MACGUFFIN_HOLDER_PASSIVE_FLAT_FAITH_TIER2_DESC',    'DISTRICT_CITY_CENTER',      'ADVISOR_GENERIC', 200, 1),
		('BUILDING_HONEY_MACGUFFIN_HOLDER_PASSIVE_FLAT_FAITH_TIER3', 'LOC_GREATWORK_GREATWORKOBJECT_HONEY_MACGUFFIN_PASSIVE_FLAT_FAITH_TIER3_NAME', 'LOC_BUILDING_HONEY_MACGUFFIN_HOLDER_PASSIVE_FLAT_FAITH_TIER3_DESC',    'DISTRICT_CITY_CENTER',      'ADVISOR_GENERIC', 200, 1),
		
		('BUILDING_HONEY_MACGUFFIN_HOLDER_PASSIVE_FLAT_FOOD', 'LOC_GREATWORK_GREATWORKOBJECT_HONEY_MACGUFFIN_PASSIVE_FLAT_FOOD_NAME', 'LOC_BUILDING_HONEY_MACGUFFIN_HOLDER_PASSIVE_FLAT_FOOD_DESC',    'DISTRICT_CITY_CENTER',      'ADVISOR_GENERIC', 200, 1),
		('BUILDING_HONEY_MACGUFFIN_HOLDER_PASSIVE_FLAT_FOOD_TIER2', 'LOC_GREATWORK_GREATWORKOBJECT_HONEY_MACGUFFIN_PASSIVE_FLAT_FOOD_TIER2_NAME', 'LOC_BUILDING_HONEY_MACGUFFIN_HOLDER_PASSIVE_FLAT_FOOD_TIER2_DESC',    'DISTRICT_CITY_CENTER',      'ADVISOR_GENERIC', 200, 1),
		('BUILDING_HONEY_MACGUFFIN_HOLDER_PASSIVE_FLAT_FOOD_TIER3', 'LOC_GREATWORK_GREATWORKOBJECT_HONEY_MACGUFFIN_PASSIVE_FLAT_FOOD_TIER3_NAME', 'LOC_BUILDING_HONEY_MACGUFFIN_HOLDER_PASSIVE_FLAT_FOOD_TIER3_DESC',    'DISTRICT_CITY_CENTER',      'ADVISOR_GENERIC', 200, 1),
		
		('BUILDING_HONEY_MACGUFFIN_HOLDER_PASSIVE_FLAT_PRODUCTION', 'LOC_GREATWORK_GREATWORKOBJECT_HONEY_MACGUFFIN_PASSIVE_FLAT_PRODUCTION_NAME', 'LOC_BUILDING_HONEY_MACGUFFIN_HOLDER_PASSIVE_FLAT_PRODUCTION_DESC',    'DISTRICT_CITY_CENTER',      'ADVISOR_GENERIC', 200, 1),
		('BUILDING_HONEY_MACGUFFIN_HOLDER_PASSIVE_FLAT_PRODUCTION_TIER2', 'LOC_GREATWORK_GREATWORKOBJECT_HONEY_MACGUFFIN_PASSIVE_FLAT_PRODUCTION_TIER2_NAME', 'LOC_BUILDING_HONEY_MACGUFFIN_HOLDER_PASSIVE_FLAT_PRODUCTION_TIER2_DESC',    'DISTRICT_CITY_CENTER',      'ADVISOR_GENERIC', 200, 1),
		('BUILDING_HONEY_MACGUFFIN_HOLDER_PASSIVE_FLAT_PRODUCTION_TIER3', 'LOC_GREATWORK_GREATWORKOBJECT_HONEY_MACGUFFIN_PASSIVE_FLAT_PRODUCTION_TIER3_NAME', 'LOC_BUILDING_HONEY_MACGUFFIN_HOLDER_PASSIVE_FLAT_PRODUCTION_TIER3_DESC',    'DISTRICT_CITY_CENTER',      'ADVISOR_GENERIC', 200, 1);

INSERT INTO Building_YieldChanges
		(BuildingType,												YieldType,			YieldChange)
VALUES  ('BUILDING_HONEY_MACGUFFIN_HOLDER_PASSIVE_FLAT_SCIENCE', 'YIELD_SCIENCE',              7 ),
		('BUILDING_HONEY_MACGUFFIN_HOLDER_PASSIVE_FLAT_SCIENCE_TIER2', 'YIELD_SCIENCE',              15 ),
		('BUILDING_HONEY_MACGUFFIN_HOLDER_PASSIVE_FLAT_SCIENCE_TIER3', 'YIELD_SCIENCE',              30 ),

		('BUILDING_HONEY_MACGUFFIN_HOLDER_PASSIVE_FLAT_CULTURE', 'YIELD_CULTURE',              7 ),
		('BUILDING_HONEY_MACGUFFIN_HOLDER_PASSIVE_FLAT_CULTURE_TIER2', 'YIELD_CULTURE',              15 ),
		('BUILDING_HONEY_MACGUFFIN_HOLDER_PASSIVE_FLAT_CULTURE_TIER3', 'YIELD_CULTURE',              30 ),
		
		('BUILDING_HONEY_MACGUFFIN_HOLDER_PASSIVE_FLAT_GOLD', 'YIELD_GOLD',              7 ),
		('BUILDING_HONEY_MACGUFFIN_HOLDER_PASSIVE_FLAT_GOLD_TIER2', 'YIELD_GOLD',              15 ),
		('BUILDING_HONEY_MACGUFFIN_HOLDER_PASSIVE_FLAT_GOLD_TIER3', 'YIELD_GOLD',              30 ),
		
		('BUILDING_HONEY_MACGUFFIN_HOLDER_PASSIVE_FLAT_FAITH', 'YIELD_FAITH',              7 ),
		('BUILDING_HONEY_MACGUFFIN_HOLDER_PASSIVE_FLAT_FAITH_TIER2', 'YIELD_FAITH',              15 ),
		('BUILDING_HONEY_MACGUFFIN_HOLDER_PASSIVE_FLAT_FAITH_TIER3', 'YIELD_FAITH',              30 ),
		
		('BUILDING_HONEY_MACGUFFIN_HOLDER_PASSIVE_FLAT_FOOD', 'YIELD_FOOD',              3 ),
		('BUILDING_HONEY_MACGUFFIN_HOLDER_PASSIVE_FLAT_FOOD_TIER2', 'YIELD_FOOD',              5 ),
		('BUILDING_HONEY_MACGUFFIN_HOLDER_PASSIVE_FLAT_FOOD_TIER3', 'YIELD_FOOD',              8 ),
		
		('BUILDING_HONEY_MACGUFFIN_HOLDER_PASSIVE_FLAT_PRODUCTION', 'YIELD_PRODUCTION',              3 ),
		('BUILDING_HONEY_MACGUFFIN_HOLDER_PASSIVE_FLAT_PRODUCTION_TIER2', 'YIELD_PRODUCTION',              5 ),
		('BUILDING_HONEY_MACGUFFIN_HOLDER_PASSIVE_FLAT_PRODUCTION_TIER3', 'YIELD_PRODUCTION',              8 );

