-- Honey_Macguffin_Passive_Misc
-- Author: mitch
-- DateCreated: 9/14/2023 4:51:19 PM
--------------------------------------------------------------

-- grants electricity without fuel. upgrades increase radius and power. (highest level removes c02?) # volt orb
-- grants strategic resources # first horse iron, then niter coal, then oil aluminum uranium (cumulatively) # Versatall
-- influence point gain # suzarizer
-- diplomatic favor gain # Black Mail
-- passive tourism? # World's Largest Ball of Yarn
-- Entertainment # Party Heart

-- For the future: Unique luxury resource? (hopefully cloves has a modifier we can use)
	--this would be complicated because I'd like it to be traded. I guess if I use script I can keep track of who has what and when it needs to be destroyed
	--basically anyone you trade it to should not lose it if you destroy the macguffin



INSERT INTO Types 

		(Type, Kind)
VALUES  ('GREATWORK_GREATWORKOBJECT_HONEY_MACGUFFIN_PASSIVE_ELECTRICITY',				'KIND_GREATWORK'),
		('GREATWORK_GREATWORKOBJECT_HONEY_MACGUFFIN_PASSIVE_ELECTRICITY_TIER2',				'KIND_GREATWORK'),
		('GREATWORK_GREATWORKOBJECT_HONEY_MACGUFFIN_PASSIVE_ELECTRICITY_TIER3',				'KIND_GREATWORK'),
		('GREAT_PERSON_HONEY_MACGUFFIN_PASSIVE_ELECTRICITY_GP',				'KIND_GREAT_PERSON_INDIVIDUAL'),
		('GREAT_PERSON_HONEY_MACGUFFIN_PASSIVE_ELECTRICITY_TIER2_GP',				'KIND_GREAT_PERSON_INDIVIDUAL'),
		('GREAT_PERSON_HONEY_MACGUFFIN_PASSIVE_ELECTRICITY_TIER3_GP',				'KIND_GREAT_PERSON_INDIVIDUAL'),
		('BUILDING_HONEY_MACGUFFIN_HOLDER_PASSIVE_ELECTRICITY_TIER2',          'KIND_BUILDING'),
		('BUILDING_HONEY_MACGUFFIN_HOLDER_PASSIVE_ELECTRICITY_TIER3',          'KIND_BUILDING'),
		('BUILDING_HONEY_MACGUFFIN_HOLDER_PASSIVE_ELECTRICITY',          'KIND_BUILDING'),
		
		('GREATWORK_GREATWORKOBJECT_HONEY_MACGUFFIN_PASSIVE_STRATEGIC_RESOURCES',				'KIND_GREATWORK'),
		('GREATWORK_GREATWORKOBJECT_HONEY_MACGUFFIN_PASSIVE_STRATEGIC_RESOURCES_TIER2',				'KIND_GREATWORK'),
		('GREATWORK_GREATWORKOBJECT_HONEY_MACGUFFIN_PASSIVE_STRATEGIC_RESOURCES_TIER3',				'KIND_GREATWORK'),
		('GREAT_PERSON_HONEY_MACGUFFIN_PASSIVE_STRATEGIC_RESOURCES_GP',				'KIND_GREAT_PERSON_INDIVIDUAL'),
		('GREAT_PERSON_HONEY_MACGUFFIN_PASSIVE_STRATEGIC_RESOURCES_TIER2_GP',				'KIND_GREAT_PERSON_INDIVIDUAL'),
		('GREAT_PERSON_HONEY_MACGUFFIN_PASSIVE_STRATEGIC_RESOURCES_TIER3_GP',				'KIND_GREAT_PERSON_INDIVIDUAL'),
		('BUILDING_HONEY_MACGUFFIN_HOLDER_PASSIVE_STRATEGIC_RESOURCES_TIER2',          'KIND_BUILDING'),
		('BUILDING_HONEY_MACGUFFIN_HOLDER_PASSIVE_STRATEGIC_RESOURCES_TIER3',          'KIND_BUILDING'),
		('BUILDING_HONEY_MACGUFFIN_HOLDER_PASSIVE_STRATEGIC_RESOURCES',          'KIND_BUILDING'),
		
		('GREATWORK_GREATWORKOBJECT_HONEY_MACGUFFIN_PASSIVE_INFLUENCE',				'KIND_GREATWORK'),
		('GREATWORK_GREATWORKOBJECT_HONEY_MACGUFFIN_PASSIVE_INFLUENCE_TIER2',				'KIND_GREATWORK'),
		('GREATWORK_GREATWORKOBJECT_HONEY_MACGUFFIN_PASSIVE_INFLUENCE_TIER3',				'KIND_GREATWORK'),
		('GREAT_PERSON_HONEY_MACGUFFIN_PASSIVE_INFLUENCE_GP',				'KIND_GREAT_PERSON_INDIVIDUAL'),
		('GREAT_PERSON_HONEY_MACGUFFIN_PASSIVE_INFLUENCE_TIER2_GP',				'KIND_GREAT_PERSON_INDIVIDUAL'),
		('GREAT_PERSON_HONEY_MACGUFFIN_PASSIVE_INFLUENCE_TIER3_GP',				'KIND_GREAT_PERSON_INDIVIDUAL'),
		('BUILDING_HONEY_MACGUFFIN_HOLDER_PASSIVE_INFLUENCE_TIER2',          'KIND_BUILDING'),
		('BUILDING_HONEY_MACGUFFIN_HOLDER_PASSIVE_INFLUENCE_TIER3',          'KIND_BUILDING'),
		('BUILDING_HONEY_MACGUFFIN_HOLDER_PASSIVE_INFLUENCE',          'KIND_BUILDING'),
		
		('GREATWORK_GREATWORKOBJECT_HONEY_MACGUFFIN_PASSIVE_DIPLOMATIC_FAVOR',				'KIND_GREATWORK'),
		('GREATWORK_GREATWORKOBJECT_HONEY_MACGUFFIN_PASSIVE_DIPLOMATIC_FAVOR_TIER2',				'KIND_GREATWORK'),
		('GREATWORK_GREATWORKOBJECT_HONEY_MACGUFFIN_PASSIVE_DIPLOMATIC_FAVOR_TIER3',				'KIND_GREATWORK'),
		('GREAT_PERSON_HONEY_MACGUFFIN_PASSIVE_DIPLOMATIC_FAVOR_GP',				'KIND_GREAT_PERSON_INDIVIDUAL'),
		('GREAT_PERSON_HONEY_MACGUFFIN_PASSIVE_DIPLOMATIC_FAVOR_TIER2_GP',				'KIND_GREAT_PERSON_INDIVIDUAL'),
		('GREAT_PERSON_HONEY_MACGUFFIN_PASSIVE_DIPLOMATIC_FAVOR_TIER3_GP',				'KIND_GREAT_PERSON_INDIVIDUAL'),
		('BUILDING_HONEY_MACGUFFIN_HOLDER_PASSIVE_DIPLOMATIC_FAVOR_TIER2',          'KIND_BUILDING'),
		('BUILDING_HONEY_MACGUFFIN_HOLDER_PASSIVE_DIPLOMATIC_FAVOR_TIER3',          'KIND_BUILDING'),
		('BUILDING_HONEY_MACGUFFIN_HOLDER_PASSIVE_DIPLOMATIC_FAVOR',          'KIND_BUILDING'),
		
		('GREATWORK_GREATWORKOBJECT_HONEY_MACGUFFIN_PASSIVE_TOURISM',				'KIND_GREATWORK'),
		('GREATWORK_GREATWORKOBJECT_HONEY_MACGUFFIN_PASSIVE_TOURISM_TIER2',				'KIND_GREATWORK'),
		('GREATWORK_GREATWORKOBJECT_HONEY_MACGUFFIN_PASSIVE_TOURISM_TIER3',				'KIND_GREATWORK'),
		('GREAT_PERSON_HONEY_MACGUFFIN_PASSIVE_TOURISM_GP',				'KIND_GREAT_PERSON_INDIVIDUAL'),
		('GREAT_PERSON_HONEY_MACGUFFIN_PASSIVE_TOURISM_TIER2_GP',				'KIND_GREAT_PERSON_INDIVIDUAL'),
		('GREAT_PERSON_HONEY_MACGUFFIN_PASSIVE_TOURISM_TIER3_GP',				'KIND_GREAT_PERSON_INDIVIDUAL'),
		('BUILDING_HONEY_MACGUFFIN_HOLDER_PASSIVE_TOURISM_TIER2',          'KIND_BUILDING'),
		('BUILDING_HONEY_MACGUFFIN_HOLDER_PASSIVE_TOURISM_TIER3',          'KIND_BUILDING'),
		('BUILDING_HONEY_MACGUFFIN_HOLDER_PASSIVE_TOURISM',          'KIND_BUILDING'),
		
		('GREATWORK_GREATWORKOBJECT_HONEY_MACGUFFIN_PASSIVE_ENTERTAINMENT',				'KIND_GREATWORK'),
		('GREATWORK_GREATWORKOBJECT_HONEY_MACGUFFIN_PASSIVE_ENTERTAINMENT_TIER2',				'KIND_GREATWORK'),
		('GREATWORK_GREATWORKOBJECT_HONEY_MACGUFFIN_PASSIVE_ENTERTAINMENT_TIER3',				'KIND_GREATWORK'),
		('GREAT_PERSON_HONEY_MACGUFFIN_PASSIVE_ENTERTAINMENT_GP',				'KIND_GREAT_PERSON_INDIVIDUAL'),
		('GREAT_PERSON_HONEY_MACGUFFIN_PASSIVE_ENTERTAINMENT_TIER2_GP',				'KIND_GREAT_PERSON_INDIVIDUAL'),
		('GREAT_PERSON_HONEY_MACGUFFIN_PASSIVE_ENTERTAINMENT_TIER3_GP',				'KIND_GREAT_PERSON_INDIVIDUAL'),
		('BUILDING_HONEY_MACGUFFIN_HOLDER_PASSIVE_ENTERTAINMENT_TIER2',          'KIND_BUILDING'),
		('BUILDING_HONEY_MACGUFFIN_HOLDER_PASSIVE_ENTERTAINMENT_TIER3',          'KIND_BUILDING'),
		('BUILDING_HONEY_MACGUFFIN_HOLDER_PASSIVE_ENTERTAINMENT',          'KIND_BUILDING');



INSERT INTO GreatPersonIndividuals
			(GreatPersonIndividualType,						Name,						GreatPersonClassType,			 eraType,					Gender,		 ActionCharges,            ActionEffectTextOverride)
VALUES ('GREAT_PERSON_HONEY_MACGUFFIN_PASSIVE_ELECTRICITY_GP', 'LOC_GREAT_PERSON_HONEY_MACGUFFIN_GP_NAME',  'GREAT_PERSON_HONEY_MACGUFFIN_GP' ,     'HONEY_MACGUFFIN_DUMMY_ERA',        'M',            0,					'LOC_GREAT_PERSON_HONEY_MACGUFFIN_ACTION'),
	   ('GREAT_PERSON_HONEY_MACGUFFIN_PASSIVE_ELECTRICITY_TIER2_GP', 'LOC_GREAT_PERSON_HONEY_MACGUFFIN_GP_NAME',  'GREAT_PERSON_HONEY_MACGUFFIN_GP' ,     'HONEY_MACGUFFIN_DUMMY_ERA',        'M',            0,					'LOC_GREAT_PERSON_HONEY_MACGUFFIN_ACTION'),
	   ('GREAT_PERSON_HONEY_MACGUFFIN_PASSIVE_ELECTRICITY_TIER3_GP', 'LOC_GREAT_PERSON_HONEY_MACGUFFIN_GP_NAME',  'GREAT_PERSON_HONEY_MACGUFFIN_GP' ,     'HONEY_MACGUFFIN_DUMMY_ERA',        'M',            0,					'LOC_GREAT_PERSON_HONEY_MACGUFFIN_ACTION'),
	   
	   ('GREAT_PERSON_HONEY_MACGUFFIN_PASSIVE_STRATEGIC_RESOURCES_GP', 'LOC_GREAT_PERSON_HONEY_MACGUFFIN_GP_NAME',  'GREAT_PERSON_HONEY_MACGUFFIN_GP' ,     'HONEY_MACGUFFIN_DUMMY_ERA',        'M',            0,					'LOC_GREAT_PERSON_HONEY_MACGUFFIN_ACTION'),
	   ('GREAT_PERSON_HONEY_MACGUFFIN_PASSIVE_STRATEGIC_RESOURCES_TIER2_GP', 'LOC_GREAT_PERSON_HONEY_MACGUFFIN_GP_NAME',  'GREAT_PERSON_HONEY_MACGUFFIN_GP' ,     'HONEY_MACGUFFIN_DUMMY_ERA',        'M',            0,					'LOC_GREAT_PERSON_HONEY_MACGUFFIN_ACTION'),
	   ('GREAT_PERSON_HONEY_MACGUFFIN_PASSIVE_STRATEGIC_RESOURCES_TIER3_GP', 'LOC_GREAT_PERSON_HONEY_MACGUFFIN_GP_NAME',  'GREAT_PERSON_HONEY_MACGUFFIN_GP' ,     'HONEY_MACGUFFIN_DUMMY_ERA',        'M',            0,					'LOC_GREAT_PERSON_HONEY_MACGUFFIN_ACTION'),
	   
	   ('GREAT_PERSON_HONEY_MACGUFFIN_PASSIVE_INFLUENCE_GP', 'LOC_GREAT_PERSON_HONEY_MACGUFFIN_GP_NAME',  'GREAT_PERSON_HONEY_MACGUFFIN_GP' ,     'HONEY_MACGUFFIN_DUMMY_ERA',        'M',            0,					'LOC_GREAT_PERSON_HONEY_MACGUFFIN_ACTION'),
	   ('GREAT_PERSON_HONEY_MACGUFFIN_PASSIVE_INFLUENCE_TIER2_GP', 'LOC_GREAT_PERSON_HONEY_MACGUFFIN_GP_NAME',  'GREAT_PERSON_HONEY_MACGUFFIN_GP' ,     'HONEY_MACGUFFIN_DUMMY_ERA',        'M',            0,					'LOC_GREAT_PERSON_HONEY_MACGUFFIN_ACTION'),
	   ('GREAT_PERSON_HONEY_MACGUFFIN_PASSIVE_INFLUENCE_TIER3_GP', 'LOC_GREAT_PERSON_HONEY_MACGUFFIN_GP_NAME',  'GREAT_PERSON_HONEY_MACGUFFIN_GP' ,     'HONEY_MACGUFFIN_DUMMY_ERA',        'M',            0,					'LOC_GREAT_PERSON_HONEY_MACGUFFIN_ACTION'),
	   
	   ('GREAT_PERSON_HONEY_MACGUFFIN_PASSIVE_DIPLOMATIC_FAVOR_GP', 'LOC_GREAT_PERSON_HONEY_MACGUFFIN_GP_NAME',  'GREAT_PERSON_HONEY_MACGUFFIN_GP' ,     'HONEY_MACGUFFIN_DUMMY_ERA',        'M',            0,					'LOC_GREAT_PERSON_HONEY_MACGUFFIN_ACTION'),
	   ('GREAT_PERSON_HONEY_MACGUFFIN_PASSIVE_DIPLOMATIC_FAVOR_TIER2_GP', 'LOC_GREAT_PERSON_HONEY_MACGUFFIN_GP_NAME',  'GREAT_PERSON_HONEY_MACGUFFIN_GP' ,     'HONEY_MACGUFFIN_DUMMY_ERA',        'M',            0,					'LOC_GREAT_PERSON_HONEY_MACGUFFIN_ACTION'),
	   ('GREAT_PERSON_HONEY_MACGUFFIN_PASSIVE_DIPLOMATIC_FAVOR_TIER3_GP', 'LOC_GREAT_PERSON_HONEY_MACGUFFIN_GP_NAME',  'GREAT_PERSON_HONEY_MACGUFFIN_GP' ,     'HONEY_MACGUFFIN_DUMMY_ERA',        'M',            0,					'LOC_GREAT_PERSON_HONEY_MACGUFFIN_ACTION'),
	    
	   ('GREAT_PERSON_HONEY_MACGUFFIN_PASSIVE_TOURISM_GP', 'LOC_GREAT_PERSON_HONEY_MACGUFFIN_GP_NAME',  'GREAT_PERSON_HONEY_MACGUFFIN_GP' ,     'HONEY_MACGUFFIN_DUMMY_ERA',        'M',            0,					'LOC_GREAT_PERSON_HONEY_MACGUFFIN_ACTION'),
	   ('GREAT_PERSON_HONEY_MACGUFFIN_PASSIVE_TOURISM_TIER2_GP', 'LOC_GREAT_PERSON_HONEY_MACGUFFIN_GP_NAME',  'GREAT_PERSON_HONEY_MACGUFFIN_GP' ,     'HONEY_MACGUFFIN_DUMMY_ERA',        'M',            0,					'LOC_GREAT_PERSON_HONEY_MACGUFFIN_ACTION'),
	   ('GREAT_PERSON_HONEY_MACGUFFIN_PASSIVE_TOURISM_TIER3_GP', 'LOC_GREAT_PERSON_HONEY_MACGUFFIN_GP_NAME',  'GREAT_PERSON_HONEY_MACGUFFIN_GP' ,     'HONEY_MACGUFFIN_DUMMY_ERA',        'M',            0,					'LOC_GREAT_PERSON_HONEY_MACGUFFIN_ACTION'),
	   
	   ('GREAT_PERSON_HONEY_MACGUFFIN_PASSIVE_ENTERTAINMENT_GP', 'LOC_GREAT_PERSON_HONEY_MACGUFFIN_GP_NAME',  'GREAT_PERSON_HONEY_MACGUFFIN_GP' ,     'HONEY_MACGUFFIN_DUMMY_ERA',        'M',            0,					'LOC_GREAT_PERSON_HONEY_MACGUFFIN_ACTION'),
	   ('GREAT_PERSON_HONEY_MACGUFFIN_PASSIVE_ENTERTAINMENT_TIER2_GP', 'LOC_GREAT_PERSON_HONEY_MACGUFFIN_GP_NAME',  'GREAT_PERSON_HONEY_MACGUFFIN_GP' ,     'HONEY_MACGUFFIN_DUMMY_ERA',        'M',            0,					'LOC_GREAT_PERSON_HONEY_MACGUFFIN_ACTION'),
	   ('GREAT_PERSON_HONEY_MACGUFFIN_PASSIVE_ENTERTAINMENT_TIER3_GP', 'LOC_GREAT_PERSON_HONEY_MACGUFFIN_GP_NAME',  'GREAT_PERSON_HONEY_MACGUFFIN_GP' ,     'HONEY_MACGUFFIN_DUMMY_ERA',        'M',            0,					'LOC_GREAT_PERSON_HONEY_MACGUFFIN_ACTION');


INSERT INTO GreatWorks
		(GreatWorkType,																										 Name,									      GreatPersonIndividualType,							 GreatWorkObjectType,																			 Quote ,          Tourism )
VALUES  ('GREATWORK_GREATWORKOBJECT_HONEY_MACGUFFIN_PASSIVE_ELECTRICITY',     'LOC_GREATWORK_GREATWORKOBJECT_HONEY_MACGUFFIN_PASSIVE_ELECTRICITY_NAME',   'GREAT_PERSON_HONEY_MACGUFFIN_PASSIVE_ELECTRICITY_GP',			'GREATWORKOBJECT_HONEY_MACGUFFIN_PASSIVE',										'LOC_GREATWORK_HOMER_2_QUOTE',           0 ),
		('GREATWORK_GREATWORKOBJECT_HONEY_MACGUFFIN_PASSIVE_ELECTRICITY_TIER2',     'LOC_GREATWORK_GREATWORKOBJECT_HONEY_MACGUFFIN_PASSIVE_ELECTRICITY_TIER2_NAME',   'GREAT_PERSON_HONEY_MACGUFFIN_PASSIVE_ELECTRICITY_TIER2_GP',			'GREATWORKOBJECT_HONEY_MACGUFFIN_PASSIVE',										'LOC_GREATWORK_HOMER_2_QUOTE',           0 ),
		('GREATWORK_GREATWORKOBJECT_HONEY_MACGUFFIN_PASSIVE_ELECTRICITY_TIER3',     'LOC_GREATWORK_GREATWORKOBJECT_HONEY_MACGUFFIN_PASSIVE_ELECTRICITY_TIER3_NAME',   'GREAT_PERSON_HONEY_MACGUFFIN_PASSIVE_ELECTRICITY_TIER3_GP',			'GREATWORKOBJECT_HONEY_MACGUFFIN_PASSIVE',										'LOC_GREATWORK_HOMER_2_QUOTE',           0 ),

		('GREATWORK_GREATWORKOBJECT_HONEY_MACGUFFIN_PASSIVE_STRATEGIC_RESOURCES',     'LOC_GREATWORK_GREATWORKOBJECT_HONEY_MACGUFFIN_PASSIVE_STRATEGIC_RESOURCES_NAME',   'GREAT_PERSON_HONEY_MACGUFFIN_PASSIVE_STRATEGIC_RESOURCES_GP',			'GREATWORKOBJECT_HONEY_MACGUFFIN_PASSIVE',										'LOC_GREATWORK_HOMER_2_QUOTE',           0 ),
		('GREATWORK_GREATWORKOBJECT_HONEY_MACGUFFIN_PASSIVE_STRATEGIC_RESOURCES_TIER2',     'LOC_GREATWORK_GREATWORKOBJECT_HONEY_MACGUFFIN_PASSIVE_STRATEGIC_RESOURCES_TIER2_NAME',   'GREAT_PERSON_HONEY_MACGUFFIN_PASSIVE_STRATEGIC_RESOURCES_TIER2_GP',			'GREATWORKOBJECT_HONEY_MACGUFFIN_PASSIVE',										'LOC_GREATWORK_HOMER_2_QUOTE',           0 ),
		('GREATWORK_GREATWORKOBJECT_HONEY_MACGUFFIN_PASSIVE_STRATEGIC_RESOURCES_TIER3',     'LOC_GREATWORK_GREATWORKOBJECT_HONEY_MACGUFFIN_PASSIVE_STRATEGIC_RESOURCES_TIER3_NAME',   'GREAT_PERSON_HONEY_MACGUFFIN_PASSIVE_STRATEGIC_RESOURCES_TIER3_GP',			'GREATWORKOBJECT_HONEY_MACGUFFIN_PASSIVE',										'LOC_GREATWORK_HOMER_2_QUOTE',           0 ),
		
		('GREATWORK_GREATWORKOBJECT_HONEY_MACGUFFIN_PASSIVE_INFLUENCE',     'LOC_GREATWORK_GREATWORKOBJECT_HONEY_MACGUFFIN_PASSIVE_INFLUENCE_NAME',   'GREAT_PERSON_HONEY_MACGUFFIN_PASSIVE_INFLUENCE_GP',			'GREATWORKOBJECT_HONEY_MACGUFFIN_PASSIVE',										'LOC_GREATWORK_HOMER_2_QUOTE',           0 ),
		('GREATWORK_GREATWORKOBJECT_HONEY_MACGUFFIN_PASSIVE_INFLUENCE_TIER2',     'LOC_GREATWORK_GREATWORKOBJECT_HONEY_MACGUFFIN_PASSIVE_INFLUENCE_TIER2_NAME',   'GREAT_PERSON_HONEY_MACGUFFIN_PASSIVE_INFLUENCE_TIER2_GP',			'GREATWORKOBJECT_HONEY_MACGUFFIN_PASSIVE',										'LOC_GREATWORK_HOMER_2_QUOTE',           0 ),
		('GREATWORK_GREATWORKOBJECT_HONEY_MACGUFFIN_PASSIVE_INFLUENCE_TIER3',     'LOC_GREATWORK_GREATWORKOBJECT_HONEY_MACGUFFIN_PASSIVE_INFLUENCE_TIER3_NAME',   'GREAT_PERSON_HONEY_MACGUFFIN_PASSIVE_INFLUENCE_TIER3_GP',			'GREATWORKOBJECT_HONEY_MACGUFFIN_PASSIVE',										'LOC_GREATWORK_HOMER_2_QUOTE',           0 ),

		('GREATWORK_GREATWORKOBJECT_HONEY_MACGUFFIN_PASSIVE_DIPLOMATIC_FAVOR',     'LOC_GREATWORK_GREATWORKOBJECT_HONEY_MACGUFFIN_PASSIVE_DIPLOMATIC_FAVOR_NAME',   'GREAT_PERSON_HONEY_MACGUFFIN_PASSIVE_DIPLOMATIC_FAVOR_GP',			'GREATWORKOBJECT_HONEY_MACGUFFIN_PASSIVE',										'LOC_GREATWORK_HOMER_2_QUOTE',           0 ),
		('GREATWORK_GREATWORKOBJECT_HONEY_MACGUFFIN_PASSIVE_DIPLOMATIC_FAVOR_TIER2',     'LOC_GREATWORK_GREATWORKOBJECT_HONEY_MACGUFFIN_PASSIVE_DIPLOMATIC_FAVOR_TIER2_NAME',   'GREAT_PERSON_HONEY_MACGUFFIN_PASSIVE_DIPLOMATIC_FAVOR_TIER2_GP',			'GREATWORKOBJECT_HONEY_MACGUFFIN_PASSIVE',										'LOC_GREATWORK_HOMER_2_QUOTE',           0 ),
		('GREATWORK_GREATWORKOBJECT_HONEY_MACGUFFIN_PASSIVE_DIPLOMATIC_FAVOR_TIER3',     'LOC_GREATWORK_GREATWORKOBJECT_HONEY_MACGUFFIN_PASSIVE_DIPLOMATIC_FAVOR_TIER3_NAME',   'GREAT_PERSON_HONEY_MACGUFFIN_PASSIVE_DIPLOMATIC_FAVOR_TIER3_GP',			'GREATWORKOBJECT_HONEY_MACGUFFIN_PASSIVE',										'LOC_GREATWORK_HOMER_2_QUOTE',           0 ),

		('GREATWORK_GREATWORKOBJECT_HONEY_MACGUFFIN_PASSIVE_TOURISM',     'LOC_GREATWORK_GREATWORKOBJECT_HONEY_MACGUFFIN_PASSIVE_TOURISM_NAME',   'GREAT_PERSON_HONEY_MACGUFFIN_PASSIVE_TOURISM_GP',			'GREATWORKOBJECT_HONEY_MACGUFFIN_PASSIVE',										'LOC_GREATWORK_HOMER_2_QUOTE',           0 ),
		('GREATWORK_GREATWORKOBJECT_HONEY_MACGUFFIN_PASSIVE_TOURISM_TIER2',     'LOC_GREATWORK_GREATWORKOBJECT_HONEY_MACGUFFIN_PASSIVE_TOURISM_TIER2_NAME',   'GREAT_PERSON_HONEY_MACGUFFIN_PASSIVE_TOURISM_TIER2_GP',			'GREATWORKOBJECT_HONEY_MACGUFFIN_PASSIVE',										'LOC_GREATWORK_HOMER_2_QUOTE',           0 ),
		('GREATWORK_GREATWORKOBJECT_HONEY_MACGUFFIN_PASSIVE_TOURISM_TIER3',     'LOC_GREATWORK_GREATWORKOBJECT_HONEY_MACGUFFIN_PASSIVE_TOURISM_TIER3_NAME',   'GREAT_PERSON_HONEY_MACGUFFIN_PASSIVE_TOURISM_TIER3_GP',			'GREATWORKOBJECT_HONEY_MACGUFFIN_PASSIVE',										'LOC_GREATWORK_HOMER_2_QUOTE',           0 ),
		
		('GREATWORK_GREATWORKOBJECT_HONEY_MACGUFFIN_PASSIVE_ENTERTAINMENT',     'LOC_GREATWORK_GREATWORKOBJECT_HONEY_MACGUFFIN_PASSIVE_ENTERTAINMENT_NAME',   'GREAT_PERSON_HONEY_MACGUFFIN_PASSIVE_ENTERTAINMENT_GP',			'GREATWORKOBJECT_HONEY_MACGUFFIN_PASSIVE',										'LOC_GREATWORK_HOMER_2_QUOTE',           0 ),
		('GREATWORK_GREATWORKOBJECT_HONEY_MACGUFFIN_PASSIVE_ENTERTAINMENT_TIER2',     'LOC_GREATWORK_GREATWORKOBJECT_HONEY_MACGUFFIN_PASSIVE_ENTERTAINMENT_TIER2_NAME',   'GREAT_PERSON_HONEY_MACGUFFIN_PASSIVE_ENTERTAINMENT_TIER2_GP',			'GREATWORKOBJECT_HONEY_MACGUFFIN_PASSIVE',										'LOC_GREATWORK_HOMER_2_QUOTE',           0 ),
		('GREATWORK_GREATWORKOBJECT_HONEY_MACGUFFIN_PASSIVE_ENTERTAINMENT_TIER3',     'LOC_GREATWORK_GREATWORKOBJECT_HONEY_MACGUFFIN_PASSIVE_ENTERTAINMENT_TIER3_NAME',   'GREAT_PERSON_HONEY_MACGUFFIN_PASSIVE_ENTERTAINMENT_TIER3_GP',			'GREATWORKOBJECT_HONEY_MACGUFFIN_PASSIVE',										'LOC_GREATWORK_HOMER_2_QUOTE',           0 );








INSERT INTO Buildings
		(BuildingType,															Name,																Description,									 PrereqDistrict,			 AdvisorType, Cost, InternalOnly)
VALUES  ('BUILDING_HONEY_MACGUFFIN_HOLDER_PASSIVE_ELECTRICITY', 'LOC_GREATWORK_GREATWORKOBJECT_HONEY_MACGUFFIN_PASSIVE_ELECTRICITY_NAME', 'LOC_BUILDING_HONEY_MACGUFFIN_HOLDER_PASSIVE_ELECTRICITY_DESC',    'DISTRICT_CITY_CENTER',      'ADVISOR_GENERIC', 200, 1),
		('BUILDING_HONEY_MACGUFFIN_HOLDER_PASSIVE_ELECTRICITY_TIER2', 'LOC_GREATWORK_GREATWORKOBJECT_HONEY_MACGUFFIN_PASSIVE_ELECTRICITY_TIER2_NAME', 'LOC_BUILDING_HONEY_MACGUFFIN_HOLDER_PASSIVE_ELECTRICITY_TIER2_DESC',    'DISTRICT_CITY_CENTER',      'ADVISOR_GENERIC', 200, 1),
		('BUILDING_HONEY_MACGUFFIN_HOLDER_PASSIVE_ELECTRICITY_TIER3', 'LOC_GREATWORK_GREATWORKOBJECT_HONEY_MACGUFFIN_PASSIVE_ELECTRICITY_TIER3_NAME', 'LOC_BUILDING_HONEY_MACGUFFIN_HOLDER_PASSIVE_ELECTRICITY_TIER3_DESC',    'DISTRICT_CITY_CENTER',      'ADVISOR_GENERIC', 200, 1), 

		('BUILDING_HONEY_MACGUFFIN_HOLDER_PASSIVE_STRATEGIC_RESOURCES', 'LOC_GREATWORK_GREATWORKOBJECT_HONEY_MACGUFFIN_PASSIVE_STRATEGIC_RESOURCES_NAME', 'LOC_BUILDING_HONEY_MACGUFFIN_HOLDER_PASSIVE_STRATEGIC_RESOURCES_DESC',    'DISTRICT_CITY_CENTER',      'ADVISOR_GENERIC', 200, 1),
		('BUILDING_HONEY_MACGUFFIN_HOLDER_PASSIVE_STRATEGIC_RESOURCES_TIER2', 'LOC_GREATWORK_GREATWORKOBJECT_HONEY_MACGUFFIN_PASSIVE_STRATEGIC_RESOURCES_TIER2_NAME', 'LOC_BUILDING_HONEY_MACGUFFIN_HOLDER_PASSIVE_STRATEGIC_RESOURCES_TIER2_DESC',    'DISTRICT_CITY_CENTER',      'ADVISOR_GENERIC', 200, 1),
		('BUILDING_HONEY_MACGUFFIN_HOLDER_PASSIVE_STRATEGIC_RESOURCES_TIER3', 'LOC_GREATWORK_GREATWORKOBJECT_HONEY_MACGUFFIN_PASSIVE_STRATEGIC_RESOURCES_TIER3_NAME', 'LOC_BUILDING_HONEY_MACGUFFIN_HOLDER_PASSIVE_STRATEGIC_RESOURCES_TIER3_DESC',    'DISTRICT_CITY_CENTER',      'ADVISOR_GENERIC', 200, 1),
		
		('BUILDING_HONEY_MACGUFFIN_HOLDER_PASSIVE_INFLUENCE', 'LOC_GREATWORK_GREATWORKOBJECT_HONEY_MACGUFFIN_PASSIVE_INFLUENCE_NAME', 'LOC_BUILDING_HONEY_MACGUFFIN_HOLDER_PASSIVE_INFLUENCE_DESC',    'DISTRICT_CITY_CENTER',      'ADVISOR_GENERIC', 200, 1),
		('BUILDING_HONEY_MACGUFFIN_HOLDER_PASSIVE_INFLUENCE_TIER2', 'LOC_GREATWORK_GREATWORKOBJECT_HONEY_MACGUFFIN_PASSIVE_INFLUENCE_TIER2_NAME', 'LOC_BUILDING_HONEY_MACGUFFIN_HOLDER_PASSIVE_INFLUENCE_TIER2_DESC',    'DISTRICT_CITY_CENTER',      'ADVISOR_GENERIC', 200, 1),
		('BUILDING_HONEY_MACGUFFIN_HOLDER_PASSIVE_INFLUENCE_TIER3', 'LOC_GREATWORK_GREATWORKOBJECT_HONEY_MACGUFFIN_PASSIVE_INFLUENCE_TIER3_NAME', 'LOC_BUILDING_HONEY_MACGUFFIN_HOLDER_PASSIVE_INFLUENCE_TIER3_DESC',    'DISTRICT_CITY_CENTER',      'ADVISOR_GENERIC', 200, 1),
		
		('BUILDING_HONEY_MACGUFFIN_HOLDER_PASSIVE_DIPLOMATIC_FAVOR', 'LOC_GREATWORK_GREATWORKOBJECT_HONEY_MACGUFFIN_PASSIVE_DIPLOMATIC_FAVOR_NAME', 'LOC_BUILDING_HONEY_MACGUFFIN_HOLDER_PASSIVE_DIPLOMATIC_FAVOR_DESC',    'DISTRICT_CITY_CENTER',      'ADVISOR_GENERIC', 200, 1),
		('BUILDING_HONEY_MACGUFFIN_HOLDER_PASSIVE_DIPLOMATIC_FAVOR_TIER2', 'LOC_GREATWORK_GREATWORKOBJECT_HONEY_MACGUFFIN_PASSIVE_DIPLOMATIC_FAVOR_TIER2_NAME', 'LOC_BUILDING_HONEY_MACGUFFIN_HOLDER_PASSIVE_DIPLOMATIC_FAVOR_TIER2_DESC',    'DISTRICT_CITY_CENTER',      'ADVISOR_GENERIC', 200, 1),
		('BUILDING_HONEY_MACGUFFIN_HOLDER_PASSIVE_DIPLOMATIC_FAVOR_TIER3', 'LOC_GREATWORK_GREATWORKOBJECT_HONEY_MACGUFFIN_PASSIVE_DIPLOMATIC_FAVOR_TIER3_NAME', 'LOC_BUILDING_HONEY_MACGUFFIN_HOLDER_PASSIVE_DIPLOMATIC_FAVOR_TIER3_DESC',    'DISTRICT_CITY_CENTER',      'ADVISOR_GENERIC', 200, 1),
		
		('BUILDING_HONEY_MACGUFFIN_HOLDER_PASSIVE_TOURISM', 'LOC_GREATWORK_GREATWORKOBJECT_HONEY_MACGUFFIN_PASSIVE_TOURISM_NAME', 'LOC_BUILDING_HONEY_MACGUFFIN_HOLDER_PASSIVE_TOURISM_DESC',    'DISTRICT_CITY_CENTER',      'ADVISOR_GENERIC', 200, 1),
		('BUILDING_HONEY_MACGUFFIN_HOLDER_PASSIVE_TOURISM_TIER2', 'LOC_GREATWORK_GREATWORKOBJECT_HONEY_MACGUFFIN_PASSIVE_TOURISM_TIER2_NAME', 'LOC_BUILDING_HONEY_MACGUFFIN_HOLDER_PASSIVE_TOURISM_TIER2_DESC',    'DISTRICT_CITY_CENTER',      'ADVISOR_GENERIC', 200, 1),
		('BUILDING_HONEY_MACGUFFIN_HOLDER_PASSIVE_TOURISM_TIER3', 'LOC_GREATWORK_GREATWORKOBJECT_HONEY_MACGUFFIN_PASSIVE_TOURISM_TIER3_NAME', 'LOC_BUILDING_HONEY_MACGUFFIN_HOLDER_PASSIVE_TOURISM_TIER3_DESC',    'DISTRICT_CITY_CENTER',      'ADVISOR_GENERIC', 200, 1);
		
		


INSERT INTO Buildings
		(BuildingType,															Name,																Description,									 PrereqDistrict,			 AdvisorType, Cost, InternalOnly, Entertainment, RegionalRange)
VALUES	('BUILDING_HONEY_MACGUFFIN_HOLDER_PASSIVE_ENTERTAINMENT', 'LOC_GREATWORK_GREATWORKOBJECT_HONEY_MACGUFFIN_PASSIVE_ENTERTAINMENT_NAME', 'LOC_BUILDING_HONEY_MACGUFFIN_HOLDER_PASSIVE_ENTERTAINMENT_DESC',    'DISTRICT_CITY_CENTER',      'ADVISOR_GENERIC', 200, 1, 1, 7),
		('BUILDING_HONEY_MACGUFFIN_HOLDER_PASSIVE_ENTERTAINMENT_TIER2', 'LOC_GREATWORK_GREATWORKOBJECT_HONEY_MACGUFFIN_PASSIVE_ENTERTAINMENT_TIER2_NAME', 'LOC_BUILDING_HONEY_MACGUFFIN_HOLDER_PASSIVE_ENTERTAINMENT_TIER2_DESC',    'DISTRICT_CITY_CENTER',      'ADVISOR_GENERIC', 200, 1, 1, 11),
		('BUILDING_HONEY_MACGUFFIN_HOLDER_PASSIVE_ENTERTAINMENT_TIER3', 'LOC_GREATWORK_GREATWORKOBJECT_HONEY_MACGUFFIN_PASSIVE_ENTERTAINMENT_TIER3_NAME', 'LOC_BUILDING_HONEY_MACGUFFIN_HOLDER_PASSIVE_ENTERTAINMENT_TIER3_DESC',    'DISTRICT_CITY_CENTER',      'ADVISOR_GENERIC', 200, 1, 1, 16);


INSERT INTO Modifiers
		(ModifierId, ModifierType, Permanent)
VALUES  ('MODIFIER_HONEY_MACGUFFIN_HOLDER_PASSIVE_ELECTRICITY', 'MODIFIER_PLAYER_CITIES_ADJUST_FREE_POWER',              0 ),
		('MODIFIER_HONEY_MACGUFFIN_HOLDER_PASSIVE_ELECTRICITY_TIER2', 'MODIFIER_PLAYER_CITIES_ADJUST_FREE_POWERE',              0 ),
		('MODIFIER_HONEY_MACGUFFIN_HOLDER_PASSIVE_ELECTRICITY_TIER3', 'MODIFIER_PLAYER_CITIES_ADJUST_FREE_POWER',              0 ),

		('MODIFIER_HONEY_MACGUFFIN_HOLDER_PASSIVE_STRATEGIC_RESOURCES_IRON', 'MODIFIER_SINGLE_CITY_ADJUST_FREE_RESOURCE_EXTRACTION',              0 ),
		('MODIFIER_HONEY_MACGUFFIN_HOLDER_PASSIVE_STRATEGIC_RESOURCES_HORSE', 'MODIFIER_SINGLE_CITY_ADJUST_FREE_RESOURCE_EXTRACTION',              0 ),
		('MODIFIER_HONEY_MACGUFFIN_HOLDER_PASSIVE_STRATEGIC_RESOURCES_TIER2_IRON', 'MODIFIER_SINGLE_CITY_ADJUST_FREE_RESOURCE_EXTRACTION',              0 ),
		('MODIFIER_HONEY_MACGUFFIN_HOLDER_PASSIVE_STRATEGIC_RESOURCES_TIER2_HORSE', 'MODIFIER_SINGLE_CITY_ADJUST_FREE_RESOURCE_EXTRACTION',              0 ),
		('MODIFIER_HONEY_MACGUFFIN_HOLDER_PASSIVE_STRATEGIC_RESOURCES_TIER2_NITER', 'MODIFIER_SINGLE_CITY_ADJUST_FREE_RESOURCE_EXTRACTION',              0 ),
		('MODIFIER_HONEY_MACGUFFIN_HOLDER_PASSIVE_STRATEGIC_RESOURCES_TIER2_COAL', 'MODIFIER_SINGLE_CITY_ADJUST_FREE_RESOURCE_EXTRACTION',              0 ),
		('MODIFIER_HONEY_MACGUFFIN_HOLDER_PASSIVE_STRATEGIC_RESOURCES_TIER3_IRON', 'MODIFIER_SINGLE_CITY_ADJUST_FREE_RESOURCE_EXTRACTION',              0 ),
		('MODIFIER_HONEY_MACGUFFIN_HOLDER_PASSIVE_STRATEGIC_RESOURCES_TIER3_HORSE', 'MODIFIER_SINGLE_CITY_ADJUST_FREE_RESOURCE_EXTRACTION',              0 ),
		('MODIFIER_HONEY_MACGUFFIN_HOLDER_PASSIVE_STRATEGIC_RESOURCES_TIER3_NITER', 'MODIFIER_SINGLE_CITY_ADJUST_FREE_RESOURCE_EXTRACTION',              0 ),
		('MODIFIER_HONEY_MACGUFFIN_HOLDER_PASSIVE_STRATEGIC_RESOURCES_TIER3_COAL', 'MODIFIER_SINGLE_CITY_ADJUST_FREE_RESOURCE_EXTRACTION',              0 ),
		('MODIFIER_HONEY_MACGUFFIN_HOLDER_PASSIVE_STRATEGIC_RESOURCES_TIER3_OIL', 'MODIFIER_SINGLE_CITY_ADJUST_FREE_RESOURCE_EXTRACTION',              0 ),
		('MODIFIER_HONEY_MACGUFFIN_HOLDER_PASSIVE_STRATEGIC_RESOURCES_TIER3_URANIUM', 'MODIFIER_SINGLE_CITY_ADJUST_FREE_RESOURCE_EXTRACTION',              0 ),
		
		('MODIFIER_HONEY_MACGUFFIN_HOLDER_PASSIVE_INFLUENCE', 'MODIFIER_PLAYER_ADJUST_INFLUENCE_POINTS_PER_TURN',              0 ),
		('MODIFIER_HONEY_MACGUFFIN_HOLDER_PASSIVE_INFLUENCE_TIER2', 'MODIFIER_PLAYER_ADJUST_INFLUENCE_POINTS_PER_TURN',              0 ),
		('MODIFIER_HONEY_MACGUFFIN_HOLDER_PASSIVE_INFLUENCE_TIER3', 'MODIFIER_PLAYER_ADJUST_INFLUENCE_POINTS_PER_TURN',              0 ),
		
		('MODIFIER_HONEY_MACGUFFIN_HOLDER_PASSIVE_DIPLOMATIC_FAVOR', 'MODIFIER_PLAYER_ADJUST_EXTRA_FAVOR_PER_TURN',              0 ),
		('MODIFIER_HONEY_MACGUFFIN_HOLDER_PASSIVE_DIPLOMATIC_FAVOR_TIER2', 'MODIFIER_PLAYER_ADJUST_EXTRA_FAVOR_PER_TURN',              0 ),
		('MODIFIER_HONEY_MACGUFFIN_HOLDER_PASSIVE_DIPLOMATIC_FAVOR_TIER3', 'MODIFIER_PLAYER_ADJUST_EXTRA_FAVOR_PER_TURN',              0 ),
		
		('MODIFIER_HONEY_MACGUFFIN_HOLDER_PASSIVE_TOURISM', 'MODIFIER_PLAYER_ADJUST_TOURISM',              0 ),
		('MODIFIER_HONEY_MACGUFFIN_HOLDER_PASSIVE_TOURISM_TIER2', 'MODIFIER_PLAYER_ADJUST_TOURISM',              0 ),
		('MODIFIER_HONEY_MACGUFFIN_HOLDER_PASSIVE_TOURISM_TIER3', 'MODIFIER_PLAYER_ADJUST_TOURISM',              0 );


INSERT INTO BuildingModifiers
		(BuildingType,											 ModifierId)
VALUES  ('BUILDING_HONEY_MACGUFFIN_HOLDER_PASSIVE_ELECTRICITY',  'MODIFIER_HONEY_MACGUFFIN_HOLDER_PASSIVE_ELECTRICITY'),
		('BUILDING_HONEY_MACGUFFIN_HOLDER_PASSIVE_ELECTRICITY_TIER2',  'MODIFIER_HONEY_MACGUFFIN_HOLDER_PASSIVE_ELECTRICITY_TIER2'),
		('BUILDING_HONEY_MACGUFFIN_HOLDER_PASSIVE_ELECTRICITY_TIER3',  'MODIFIER_HONEY_MACGUFFIN_HOLDER_PASSIVE_ELECTRICITY_TIER3'),

		('BUILDING_HONEY_MACGUFFIN_HOLDER_PASSIVE_STRATEGIC_RESOURCES', 'MODIFIER_HONEY_MACGUFFIN_HOLDER_PASSIVE_STRATEGIC_RESOURCES_IRON'),
		('BUILDING_HONEY_MACGUFFIN_HOLDER_PASSIVE_STRATEGIC_RESOURCES', 'MODIFIER_HONEY_MACGUFFIN_HOLDER_PASSIVE_STRATEGIC_RESOURCES_HORSE'),
		('BUILDING_HONEY_MACGUFFIN_HOLDER_PASSIVE_STRATEGIC_RESOURCES_TIER2', 'MODIFIER_HONEY_MACGUFFIN_HOLDER_PASSIVE_STRATEGIC_RESOURCES_TIER2_IRON'),
		('BUILDING_HONEY_MACGUFFIN_HOLDER_PASSIVE_STRATEGIC_RESOURCES_TIER2', 'MODIFIER_HONEY_MACGUFFIN_HOLDER_PASSIVE_STRATEGIC_RESOURCES_TIER2_HORSE'),
		('BUILDING_HONEY_MACGUFFIN_HOLDER_PASSIVE_STRATEGIC_RESOURCES_TIER2', 'MODIFIER_HONEY_MACGUFFIN_HOLDER_PASSIVE_STRATEGIC_RESOURCES_TIER2_NITER'),
		('BUILDING_HONEY_MACGUFFIN_HOLDER_PASSIVE_STRATEGIC_RESOURCES_TIER2', 'MODIFIER_HONEY_MACGUFFIN_HOLDER_PASSIVE_STRATEGIC_RESOURCES_TIER2_COAL'),
		('BUILDING_HONEY_MACGUFFIN_HOLDER_PASSIVE_STRATEGIC_RESOURCES_TIER3', 'MODIFIER_HONEY_MACGUFFIN_HOLDER_PASSIVE_STRATEGIC_RESOURCES_TIER3_IRON'),
		('BUILDING_HONEY_MACGUFFIN_HOLDER_PASSIVE_STRATEGIC_RESOURCES_TIER3', 'MODIFIER_HONEY_MACGUFFIN_HOLDER_PASSIVE_STRATEGIC_RESOURCES_TIER3_HORSE'),
		('BUILDING_HONEY_MACGUFFIN_HOLDER_PASSIVE_STRATEGIC_RESOURCES_TIER3', 'MODIFIER_HONEY_MACGUFFIN_HOLDER_PASSIVE_STRATEGIC_RESOURCES_TIER3_NITER'),
		('BUILDING_HONEY_MACGUFFIN_HOLDER_PASSIVE_STRATEGIC_RESOURCES_TIER3', 'MODIFIER_HONEY_MACGUFFIN_HOLDER_PASSIVE_STRATEGIC_RESOURCES_TIER3_COAL'),
		('BUILDING_HONEY_MACGUFFIN_HOLDER_PASSIVE_STRATEGIC_RESOURCES_TIER3', 'MODIFIER_HONEY_MACGUFFIN_HOLDER_PASSIVE_STRATEGIC_RESOURCES_TIER3_OIL'),
		('BUILDING_HONEY_MACGUFFIN_HOLDER_PASSIVE_STRATEGIC_RESOURCES_TIER3', 'MODIFIER_HONEY_MACGUFFIN_HOLDER_PASSIVE_STRATEGIC_RESOURCES_TIER3_URANIUM'),

		('BUILDING_HONEY_MACGUFFIN_HOLDER_PASSIVE_INFLUENCE', 'MODIFIER_HONEY_MACGUFFIN_HOLDER_PASSIVE_INFLUENCE'),
		('BUILDING_HONEY_MACGUFFIN_HOLDER_PASSIVE_INFLUENCE_TIER2', 'MODIFIER_HONEY_MACGUFFIN_HOLDER_PASSIVE_INFLUENCE_TIER2'),
		('BUILDING_HONEY_MACGUFFIN_HOLDER_PASSIVE_INFLUENCE_TIER3', 'MODIFIER_HONEY_MACGUFFIN_HOLDER_PASSIVE_INFLUENCE_TIER3'),

		('BUILDING_HONEY_MACGUFFIN_HOLDER_PASSIVE_DIPLOMATIC_FAVOR', 'MODIFIER_HONEY_MACGUFFIN_HOLDER_PASSIVE_DIPLOMATIC_FAVOR'),
		('BUILDING_HONEY_MACGUFFIN_HOLDER_PASSIVE_DIPLOMATIC_FAVOR_TIER2', 'MODIFIER_HONEY_MACGUFFIN_HOLDER_PASSIVE_DIPLOMATIC_FAVOR_TIER2' ),
		('BUILDING_HONEY_MACGUFFIN_HOLDER_PASSIVE_DIPLOMATIC_FAVOR_TIER3', 'MODIFIER_HONEY_MACGUFFIN_HOLDER_PASSIVE_DIPLOMATIC_FAVOR_TIER3'),

		('BUILDING_HONEY_MACGUFFIN_HOLDER_PASSIVE_TOURISM', 'MODIFIER_HONEY_MACGUFFIN_HOLDER_PASSIVE_TOURISM'),
		('BUILDING_HONEY_MACGUFFIN_HOLDER_PASSIVE_TOURISM_TIER2', 'MODIFIER_HONEY_MACGUFFIN_HOLDER_PASSIVE_TOURISM_TIER2'),
		('BUILDING_HONEY_MACGUFFIN_HOLDER_PASSIVE_TOURISM_TIER3', 'MODIFIER_HONEY_MACGUFFIN_HOLDER_PASSIVE_TOURISM_TIER3');



INSERT INTO ModifierArguments
		(ModifierId,												Name,			Value)
VALUES  ('MODIFIER_HONEY_MACGUFFIN_HOLDER_PASSIVE_ELECTRICITY', 'Amount',              2 ),
		('MODIFIER_HONEY_MACGUFFIN_HOLDER_PASSIVE_ELECTRICITY_TIER2', 'Amount',              4 ),
		('MODIFIER_HONEY_MACGUFFIN_HOLDER_PASSIVE_ELECTRICITY_TIER3', 'Amount',              6 ),
		('MODIFIER_HONEY_MACGUFFIN_HOLDER_PASSIVE_ELECTRICITY', 'SourceType',              'FREE_POWER_SOURCE_MISC' ),
		('MODIFIER_HONEY_MACGUFFIN_HOLDER_PASSIVE_ELECTRICITY_TIER2', 'SourceType',              'FREE_POWER_SOURCE_MISC' ),
		('MODIFIER_HONEY_MACGUFFIN_HOLDER_PASSIVE_ELECTRICITY_TIER3', 'SourceType',              'FREE_POWER_SOURCE_MISC' ),

		('MODIFIER_HONEY_MACGUFFIN_HOLDER_PASSIVE_STRATEGIC_RESOURCES_IRON', 'ResourceType',              'RESOURCE_IRON' ),
		('MODIFIER_HONEY_MACGUFFIN_HOLDER_PASSIVE_STRATEGIC_RESOURCES_HORSE', 'ResourceType',              'RESOURCE_HORSES' ),
		('MODIFIER_HONEY_MACGUFFIN_HOLDER_PASSIVE_STRATEGIC_RESOURCES_TIER2_IRON', 'ResourceType',              'RESOURCE_IRON' ),
		('MODIFIER_HONEY_MACGUFFIN_HOLDER_PASSIVE_STRATEGIC_RESOURCES_TIER2_HORSE', 'ResourceType',              'RESOURCE_HORSES' ),
		('MODIFIER_HONEY_MACGUFFIN_HOLDER_PASSIVE_STRATEGIC_RESOURCES_TIER2_NITER', 'ResourceType',              'RESOURCE_NITER' ),
		('MODIFIER_HONEY_MACGUFFIN_HOLDER_PASSIVE_STRATEGIC_RESOURCES_TIER2_COAL', 'ResourceType',              'RESOURCE_COAL' ),
		('MODIFIER_HONEY_MACGUFFIN_HOLDER_PASSIVE_STRATEGIC_RESOURCES_TIER3_IRON', 'ResourceType',              'RESOURCE_IRON' ),
		('MODIFIER_HONEY_MACGUFFIN_HOLDER_PASSIVE_STRATEGIC_RESOURCES_TIER3_HORSE', 'ResourceType',              'RESOURCE_HORSES' ),
		('MODIFIER_HONEY_MACGUFFIN_HOLDER_PASSIVE_STRATEGIC_RESOURCES_TIER3_NITER', 'ResourceType',              'RESOURCE_NITER' ),
		('MODIFIER_HONEY_MACGUFFIN_HOLDER_PASSIVE_STRATEGIC_RESOURCES_TIER3_COAL', 'ResourceType',              'RESOURCE_COAL' ),
		('MODIFIER_HONEY_MACGUFFIN_HOLDER_PASSIVE_STRATEGIC_RESOURCES_TIER3_OIL', 'ResourceType',              'RESOURCE_OIL' ),
		('MODIFIER_HONEY_MACGUFFIN_HOLDER_PASSIVE_STRATEGIC_RESOURCES_TIER3_URANIUM', 'ResourceType',              'RESOURCE_URANIUM' ),
		('MODIFIER_HONEY_MACGUFFIN_HOLDER_PASSIVE_STRATEGIC_RESOURCES_IRON', 'Amount',              2 ),
		('MODIFIER_HONEY_MACGUFFIN_HOLDER_PASSIVE_STRATEGIC_RESOURCES_HORSE', 'Amount',              2 ),
		('MODIFIER_HONEY_MACGUFFIN_HOLDER_PASSIVE_STRATEGIC_RESOURCES_TIER2_IRON', 'Amount',              2 ),
		('MODIFIER_HONEY_MACGUFFIN_HOLDER_PASSIVE_STRATEGIC_RESOURCES_TIER2_HORSE', 'Amount',              2 ),
		('MODIFIER_HONEY_MACGUFFIN_HOLDER_PASSIVE_STRATEGIC_RESOURCES_TIER2_NITER', 'Amount',              2 ),
		('MODIFIER_HONEY_MACGUFFIN_HOLDER_PASSIVE_STRATEGIC_RESOURCES_TIER2_COAL', 'Amount',              2 ),
		('MODIFIER_HONEY_MACGUFFIN_HOLDER_PASSIVE_STRATEGIC_RESOURCES_TIER3_IRON', 'Amount',              2 ),
		('MODIFIER_HONEY_MACGUFFIN_HOLDER_PASSIVE_STRATEGIC_RESOURCES_TIER3_HORSE', 'Amount',              2 ),
		('MODIFIER_HONEY_MACGUFFIN_HOLDER_PASSIVE_STRATEGIC_RESOURCES_TIER3_NITER', 'Amount',              2 ),
		('MODIFIER_HONEY_MACGUFFIN_HOLDER_PASSIVE_STRATEGIC_RESOURCES_TIER3_COAL', 'Amount',              2 ),
		('MODIFIER_HONEY_MACGUFFIN_HOLDER_PASSIVE_STRATEGIC_RESOURCES_TIER3_OIL', 'Amount',              2 ),
		('MODIFIER_HONEY_MACGUFFIN_HOLDER_PASSIVE_STRATEGIC_RESOURCES_TIER3_URANIUM', 'Amount',              1 ),
		
		('MODIFIER_HONEY_MACGUFFIN_HOLDER_PASSIVE_INFLUENCE', 'Amount',              1 ),
		('MODIFIER_HONEY_MACGUFFIN_HOLDER_PASSIVE_INFLUENCE_TIER2', 'Amount',              2 ),
		('MODIFIER_HONEY_MACGUFFIN_HOLDER_PASSIVE_INFLUENCE_TIER3', 'Amount',              3 ),
		
		('MODIFIER_HONEY_MACGUFFIN_HOLDER_PASSIVE_DIPLOMATIC_FAVOR', 'Amount',              1 ),
		('MODIFIER_HONEY_MACGUFFIN_HOLDER_PASSIVE_DIPLOMATIC_FAVOR_TIER2', 'Amount',              2),
		('MODIFIER_HONEY_MACGUFFIN_HOLDER_PASSIVE_DIPLOMATIC_FAVOR_TIER3', 'Amount',              3 ),
		
		('MODIFIER_HONEY_MACGUFFIN_HOLDER_PASSIVE_TOURISM', 'Amount',             10 ),
		('MODIFIER_HONEY_MACGUFFIN_HOLDER_PASSIVE_TOURISM_TIER2', 'Amount',              25 ),
		('MODIFIER_HONEY_MACGUFFIN_HOLDER_PASSIVE_TOURISM_TIER3', 'Amount',              40 );


