-- Honey_Macguffin_Active_War
-- Author: mitch
-- DateCreated: 9/1/2023 2:23:01 PM
--------------------------------------------------------------

-- affects people you are at war with


-- splatter radiation (random tiles) #Irradiator
-- pillage improvements (random tiles) # Dilapidater
-- damage random enemies # Voodall
-- steal gold # Fraudder
-- steal faith # wings of rem

--Later maybe
-- remove envoys?
-- combat drugs: boost all units stats for x turns



INSERT INTO Types 

		(Type, Kind)
VALUES  ('GREATWORK_GREATWORKOBJECT_HONEY_MACGUFFIN_ACTIVE_WAR_RADIATION',				'KIND_GREATWORK'), 
		('GREATWORK_GREATWORKOBJECT_HONEY_MACGUFFIN_ACTIVE_WAR_RADIATION_TIER2',				'KIND_GREATWORK'),
		('GREATWORK_GREATWORKOBJECT_HONEY_MACGUFFIN_ACTIVE_WAR_RADIATION_TIER3',				'KIND_GREATWORK'),
		('GREAT_PERSON_HONEY_MACGUFFIN_ACTIVE_WAR_RADIATION_GP',				'KIND_GREAT_PERSON_INDIVIDUAL'),
		('GREAT_PERSON_HONEY_MACGUFFIN_ACTIVE_WAR_RADIATION_TIER2_GP',				'KIND_GREAT_PERSON_INDIVIDUAL'),
		('GREAT_PERSON_HONEY_MACGUFFIN_ACTIVE_WAR_RADIATION_TIER3_GP',				'KIND_GREAT_PERSON_INDIVIDUAL'),
		('BUILDING_HONEY_MACGUFFIN_HOLDER_ACTIVE_WAR_RADIATION_TIER2',          'KIND_BUILDING'),
		('BUILDING_HONEY_MACGUFFIN_HOLDER_ACTIVE_WAR_RADIATION_TIER3',          'KIND_BUILDING'),
		('BUILDING_HONEY_MACGUFFIN_HOLDER_ACTIVE_WAR_RADIATION',          'KIND_BUILDING'),
		('PROJECT_HONEY_MACGUFFIN_ACTIVE_WAR_RADIATION',                    'KIND_PROJECT'),
		('PROJECT_HONEY_MACGUFFIN_ACTIVE_WAR_RADIATION_TIER2',                    'KIND_PROJECT'),
		('PROJECT_HONEY_MACGUFFIN_ACTIVE_WAR_RADIATION_TIER3',                    'KIND_PROJECT'),
		
		('GREATWORK_GREATWORKOBJECT_HONEY_MACGUFFIN_ACTIVE_WAR_PILLAGE',				'KIND_GREATWORK'), 
		('GREATWORK_GREATWORKOBJECT_HONEY_MACGUFFIN_ACTIVE_WAR_PILLAGE_TIER2',				'KIND_GREATWORK'),
		('GREATWORK_GREATWORKOBJECT_HONEY_MACGUFFIN_ACTIVE_WAR_PILLAGE_TIER3',				'KIND_GREATWORK'),
		('GREAT_PERSON_HONEY_MACGUFFIN_ACTIVE_WAR_PILLAGE_GP',				'KIND_GREAT_PERSON_INDIVIDUAL'),
		('GREAT_PERSON_HONEY_MACGUFFIN_ACTIVE_WAR_PILLAGE_TIER2_GP',				'KIND_GREAT_PERSON_INDIVIDUAL'),
		('GREAT_PERSON_HONEY_MACGUFFIN_ACTIVE_WAR_PILLAGE_TIER3_GP',				'KIND_GREAT_PERSON_INDIVIDUAL'),
		('BUILDING_HONEY_MACGUFFIN_HOLDER_ACTIVE_WAR_PILLAGE_TIER2',          'KIND_BUILDING'),
		('BUILDING_HONEY_MACGUFFIN_HOLDER_ACTIVE_WAR_PILLAGE_TIER3',          'KIND_BUILDING'),
		('BUILDING_HONEY_MACGUFFIN_HOLDER_ACTIVE_WAR_PILLAGE',          'KIND_BUILDING'),
		('PROJECT_HONEY_MACGUFFIN_ACTIVE_WAR_PILLAGE',                    'KIND_PROJECT'),
		('PROJECT_HONEY_MACGUFFIN_ACTIVE_WAR_PILLAGE_TIER2',                    'KIND_PROJECT'),
		('PROJECT_HONEY_MACGUFFIN_ACTIVE_WAR_PILLAGE_TIER3',                    'KIND_PROJECT'),
		
		 ('GREATWORK_GREATWORKOBJECT_HONEY_MACGUFFIN_ACTIVE_WAR_DAMAGE_UNITS',				'KIND_GREATWORK'), 
		('GREATWORK_GREATWORKOBJECT_HONEY_MACGUFFIN_ACTIVE_WAR_DAMAGE_UNITS_TIER2',				'KIND_GREATWORK'),
		('GREATWORK_GREATWORKOBJECT_HONEY_MACGUFFIN_ACTIVE_WAR_DAMAGE_UNITS_TIER3',				'KIND_GREATWORK'),
		('GREAT_PERSON_HONEY_MACGUFFIN_ACTIVE_WAR_DAMAGE_UNITS_GP',				'KIND_GREAT_PERSON_INDIVIDUAL'),
		('GREAT_PERSON_HONEY_MACGUFFIN_ACTIVE_WAR_DAMAGE_UNITS_TIER2_GP',				'KIND_GREAT_PERSON_INDIVIDUAL'),
		('GREAT_PERSON_HONEY_MACGUFFIN_ACTIVE_WAR_DAMAGE_UNITS_TIER3_GP',				'KIND_GREAT_PERSON_INDIVIDUAL'),
		('BUILDING_HONEY_MACGUFFIN_HOLDER_ACTIVE_WAR_DAMAGE_UNITS_TIER2',          'KIND_BUILDING'),
		('BUILDING_HONEY_MACGUFFIN_HOLDER_ACTIVE_WAR_DAMAGE_UNITS_TIER3',          'KIND_BUILDING'),
		('BUILDING_HONEY_MACGUFFIN_HOLDER_ACTIVE_WAR_DAMAGE_UNITS',          'KIND_BUILDING'),
		('PROJECT_HONEY_MACGUFFIN_ACTIVE_WAR_DAMAGE_UNITS',                    'KIND_PROJECT'),
		('PROJECT_HONEY_MACGUFFIN_ACTIVE_WAR_DAMAGE_UNITS_TIER2',                    'KIND_PROJECT'),
		('PROJECT_HONEY_MACGUFFIN_ACTIVE_WAR_DAMAGE_UNITS_TIER3',                    'KIND_PROJECT'),
		
		 ('GREATWORK_GREATWORKOBJECT_HONEY_MACGUFFIN_ACTIVE_WAR_STEAL_GOLD',				'KIND_GREATWORK'), 
		('GREATWORK_GREATWORKOBJECT_HONEY_MACGUFFIN_ACTIVE_WAR_STEAL_GOLD_TIER2',				'KIND_GREATWORK'),
		('GREATWORK_GREATWORKOBJECT_HONEY_MACGUFFIN_ACTIVE_WAR_STEAL_GOLD_TIER3',				'KIND_GREATWORK'),
		('GREAT_PERSON_HONEY_MACGUFFIN_ACTIVE_WAR_STEAL_GOLD_GP',				'KIND_GREAT_PERSON_INDIVIDUAL'),
		('GREAT_PERSON_HONEY_MACGUFFIN_ACTIVE_WAR_STEAL_GOLD_TIER2_GP',				'KIND_GREAT_PERSON_INDIVIDUAL'),
		('GREAT_PERSON_HONEY_MACGUFFIN_ACTIVE_WAR_STEAL_GOLD_TIER3_GP',				'KIND_GREAT_PERSON_INDIVIDUAL'),
		('BUILDING_HONEY_MACGUFFIN_HOLDER_ACTIVE_WAR_STEAL_GOLD_TIER2',          'KIND_BUILDING'),
		('BUILDING_HONEY_MACGUFFIN_HOLDER_ACTIVE_WAR_STEAL_GOLD_TIER3',          'KIND_BUILDING'),
		('BUILDING_HONEY_MACGUFFIN_HOLDER_ACTIVE_WAR_STEAL_GOLD',          'KIND_BUILDING'),
		('PROJECT_HONEY_MACGUFFIN_ACTIVE_WAR_STEAL_GOLD',                    'KIND_PROJECT'),
		('PROJECT_HONEY_MACGUFFIN_ACTIVE_WAR_STEAL_GOLD_TIER2',                    'KIND_PROJECT'),
		('PROJECT_HONEY_MACGUFFIN_ACTIVE_WAR_STEAL_GOLD_TIER3',                    'KIND_PROJECT'),
		
		('GREATWORK_GREATWORKOBJECT_HONEY_MACGUFFIN_ACTIVE_WAR_STEAL_FAITH',				'KIND_GREATWORK'), 
		('GREATWORK_GREATWORKOBJECT_HONEY_MACGUFFIN_ACTIVE_WAR_STEAL_FAITH_TIER2',				'KIND_GREATWORK'),
		('GREATWORK_GREATWORKOBJECT_HONEY_MACGUFFIN_ACTIVE_WAR_STEAL_FAITH_TIER3',				'KIND_GREATWORK'),
		('GREAT_PERSON_HONEY_MACGUFFIN_ACTIVE_WAR_STEAL_FAITH_GP',				'KIND_GREAT_PERSON_INDIVIDUAL'),
		('GREAT_PERSON_HONEY_MACGUFFIN_ACTIVE_WAR_STEAL_FAITH_TIER2_GP',				'KIND_GREAT_PERSON_INDIVIDUAL'),
		('GREAT_PERSON_HONEY_MACGUFFIN_ACTIVE_WAR_STEAL_FAITH_TIER3_GP',				'KIND_GREAT_PERSON_INDIVIDUAL'),
		('BUILDING_HONEY_MACGUFFIN_HOLDER_ACTIVE_WAR_STEAL_FAITH_TIER2',          'KIND_BUILDING'),
		('BUILDING_HONEY_MACGUFFIN_HOLDER_ACTIVE_WAR_STEAL_FAITH_TIER3',          'KIND_BUILDING'),
		('BUILDING_HONEY_MACGUFFIN_HOLDER_ACTIVE_WAR_STEAL_FAITH',          'KIND_BUILDING'),
		('PROJECT_HONEY_MACGUFFIN_ACTIVE_WAR_STEAL_FAITH',                    'KIND_PROJECT'),
		('PROJECT_HONEY_MACGUFFIN_ACTIVE_WAR_STEAL_FAITH_TIER2',                    'KIND_PROJECT'),
		('PROJECT_HONEY_MACGUFFIN_ACTIVE_WAR_STEAL_FAITH_TIER3',                    'KIND_PROJECT');



INSERT INTO GreatPersonIndividuals
			(GreatPersonIndividualType,						Name,						GreatPersonClassType,			 eraType,					Gender,		 ActionCharges,            ActionEffectTextOverride)
VALUES ('GREAT_PERSON_HONEY_MACGUFFIN_ACTIVE_WAR_RADIATION_GP', 'LOC_GREAT_PERSON_HONEY_MACGUFFIN_GP_NAME',  'GREAT_PERSON_HONEY_MACGUFFIN_GP' ,     'HONEY_MACGUFFIN_DUMMY_ERA',        'M',            0,					'LOC_GREAT_PERSON_HONEY_MACGUFFIN_ACTION'),
	   ('GREAT_PERSON_HONEY_MACGUFFIN_ACTIVE_WAR_RADIATION_TIER2_GP', 'LOC_GREAT_PERSON_HONEY_MACGUFFIN_GP_NAME',  'GREAT_PERSON_HONEY_MACGUFFIN_GP' ,     'HONEY_MACGUFFIN_DUMMY_ERA',        'M',            0,					'LOC_GREAT_PERSON_HONEY_MACGUFFIN_ACTION'),
	   ('GREAT_PERSON_HONEY_MACGUFFIN_ACTIVE_WAR_RADIATION_TIER3_GP', 'LOC_GREAT_PERSON_HONEY_MACGUFFIN_GP_NAME',  'GREAT_PERSON_HONEY_MACGUFFIN_GP' ,     'HONEY_MACGUFFIN_DUMMY_ERA',        'M',            0,					'LOC_GREAT_PERSON_HONEY_MACGUFFIN_ACTION'),
	   
	   ('GREAT_PERSON_HONEY_MACGUFFIN_ACTIVE_WAR_PILLAGE_GP', 'LOC_GREAT_PERSON_HONEY_MACGUFFIN_GP_NAME',  'GREAT_PERSON_HONEY_MACGUFFIN_GP' ,     'HONEY_MACGUFFIN_DUMMY_ERA',        'M',            0,					'LOC_GREAT_PERSON_HONEY_MACGUFFIN_ACTION'),
	   ('GREAT_PERSON_HONEY_MACGUFFIN_ACTIVE_WAR_PILLAGE_TIER2_GP', 'LOC_GREAT_PERSON_HONEY_MACGUFFIN_GP_NAME',  'GREAT_PERSON_HONEY_MACGUFFIN_GP' ,     'HONEY_MACGUFFIN_DUMMY_ERA',        'M',            0,					'LOC_GREAT_PERSON_HONEY_MACGUFFIN_ACTION'),
	   ('GREAT_PERSON_HONEY_MACGUFFIN_ACTIVE_WAR_PILLAGE_TIER3_GP', 'LOC_GREAT_PERSON_HONEY_MACGUFFIN_GP_NAME',  'GREAT_PERSON_HONEY_MACGUFFIN_GP' ,     'HONEY_MACGUFFIN_DUMMY_ERA',        'M',            0,					'LOC_GREAT_PERSON_HONEY_MACGUFFIN_ACTION'),
	   
	   ('GREAT_PERSON_HONEY_MACGUFFIN_ACTIVE_WAR_DAMAGE_UNITS_GP', 'LOC_GREAT_PERSON_HONEY_MACGUFFIN_GP_NAME',  'GREAT_PERSON_HONEY_MACGUFFIN_GP' ,     'HONEY_MACGUFFIN_DUMMY_ERA',        'M',            0,					'LOC_GREAT_PERSON_HONEY_MACGUFFIN_ACTION'),
	   ('GREAT_PERSON_HONEY_MACGUFFIN_ACTIVE_WAR_DAMAGE_UNITS_TIER2_GP', 'LOC_GREAT_PERSON_HONEY_MACGUFFIN_GP_NAME',  'GREAT_PERSON_HONEY_MACGUFFIN_GP' ,     'HONEY_MACGUFFIN_DUMMY_ERA',        'M',            0,					'LOC_GREAT_PERSON_HONEY_MACGUFFIN_ACTION'),
	   ('GREAT_PERSON_HONEY_MACGUFFIN_ACTIVE_WAR_DAMAGE_UNITS_TIER3_GP', 'LOC_GREAT_PERSON_HONEY_MACGUFFIN_GP_NAME',  'GREAT_PERSON_HONEY_MACGUFFIN_GP' ,     'HONEY_MACGUFFIN_DUMMY_ERA',        'M',            0,					'LOC_GREAT_PERSON_HONEY_MACGUFFIN_ACTION'),
	   
	   ('GREAT_PERSON_HONEY_MACGUFFIN_ACTIVE_WAR_STEAL_GOLD_GP', 'LOC_GREAT_PERSON_HONEY_MACGUFFIN_GP_NAME',  'GREAT_PERSON_HONEY_MACGUFFIN_GP' ,     'HONEY_MACGUFFIN_DUMMY_ERA',        'M',            0,					'LOC_GREAT_PERSON_HONEY_MACGUFFIN_ACTION'),
	   ('GREAT_PERSON_HONEY_MACGUFFIN_ACTIVE_WAR_STEAL_GOLD_TIER2_GP', 'LOC_GREAT_PERSON_HONEY_MACGUFFIN_GP_NAME',  'GREAT_PERSON_HONEY_MACGUFFIN_GP' ,     'HONEY_MACGUFFIN_DUMMY_ERA',        'M',            0,					'LOC_GREAT_PERSON_HONEY_MACGUFFIN_ACTION'),
	   ('GREAT_PERSON_HONEY_MACGUFFIN_ACTIVE_WAR_STEAL_GOLD_TIER3_GP', 'LOC_GREAT_PERSON_HONEY_MACGUFFIN_GP_NAME',  'GREAT_PERSON_HONEY_MACGUFFIN_GP' ,     'HONEY_MACGUFFIN_DUMMY_ERA',        'M',            0,					'LOC_GREAT_PERSON_HONEY_MACGUFFIN_ACTION'),

	   ('GREAT_PERSON_HONEY_MACGUFFIN_ACTIVE_WAR_STEAL_FAITH_GP', 'LOC_GREAT_PERSON_HONEY_MACGUFFIN_GP_NAME',  'GREAT_PERSON_HONEY_MACGUFFIN_GP' ,     'HONEY_MACGUFFIN_DUMMY_ERA',        'M',            0,					'LOC_GREAT_PERSON_HONEY_MACGUFFIN_ACTION'),
	   ('GREAT_PERSON_HONEY_MACGUFFIN_ACTIVE_WAR_STEAL_FAITH_TIER2_GP', 'LOC_GREAT_PERSON_HONEY_MACGUFFIN_GP_NAME',  'GREAT_PERSON_HONEY_MACGUFFIN_GP' ,     'HONEY_MACGUFFIN_DUMMY_ERA',        'M',            0,					'LOC_GREAT_PERSON_HONEY_MACGUFFIN_ACTION'),
	   ('GREAT_PERSON_HONEY_MACGUFFIN_ACTIVE_WAR_STEAL_FAITH_TIER3_GP', 'LOC_GREAT_PERSON_HONEY_MACGUFFIN_GP_NAME',  'GREAT_PERSON_HONEY_MACGUFFIN_GP' ,     'HONEY_MACGUFFIN_DUMMY_ERA',        'M',            0,					'LOC_GREAT_PERSON_HONEY_MACGUFFIN_ACTION');

INSERT INTO GreatWorks
		(GreatWorkType,																										 Name,									      GreatPersonIndividualType,							 GreatWorkObjectType,																			 Quote ,          Tourism )
VALUES  ('GREATWORK_GREATWORKOBJECT_HONEY_MACGUFFIN_ACTIVE_WAR_RADIATION',			'LOC_GREATWORK_GREATWORKOBJECT_HONEY_MACGUFFIN_ACTIVE_WAR_RADIATION_NAME',		  'GREAT_PERSON_HONEY_MACGUFFIN_ACTIVE_WAR_RADIATION_GP',			'GREATWORKOBJECT_HONEY_MACGUFFIN_ACTIVE',										'LOC_GREATWORK_HOMER_2_QUOTE',           0 ),
		('GREATWORK_GREATWORKOBJECT_HONEY_MACGUFFIN_ACTIVE_WAR_RADIATION_TIER2',     'LOC_GREATWORK_GREATWORKOBJECT_HONEY_MACGUFFIN_ACTIVE_WAR_RADIATION_TIER2_NAME',   'GREAT_PERSON_HONEY_MACGUFFIN_ACTIVE_WAR_RADIATION_TIER2_GP',			'GREATWORKOBJECT_HONEY_MACGUFFIN_ACTIVE',										'LOC_GREATWORK_HOMER_2_QUOTE',           0 ),
		('GREATWORK_GREATWORKOBJECT_HONEY_MACGUFFIN_ACTIVE_WAR_RADIATION_TIER3',     'LOC_GREATWORK_GREATWORKOBJECT_HONEY_MACGUFFIN_ACTIVE_WAR_RADIATION_TIER3_NAME',   'GREAT_PERSON_HONEY_MACGUFFIN_ACTIVE_WAR_RADIATION_TIER3_GP',			'GREATWORKOBJECT_HONEY_MACGUFFIN_ACTIVE',										'LOC_GREATWORK_HOMER_2_QUOTE',           0 ),
		
		('GREATWORK_GREATWORKOBJECT_HONEY_MACGUFFIN_ACTIVE_WAR_PILLAGE',			'LOC_GREATWORK_GREATWORKOBJECT_HONEY_MACGUFFIN_ACTIVE_WAR_PILLAGE_NAME',		  'GREAT_PERSON_HONEY_MACGUFFIN_ACTIVE_WAR_PILLAGE_GP',			'GREATWORKOBJECT_HONEY_MACGUFFIN_ACTIVE',										'LOC_GREATWORK_HOMER_2_QUOTE',           0 ),
		('GREATWORK_GREATWORKOBJECT_HONEY_MACGUFFIN_ACTIVE_WAR_PILLAGE_TIER2',     'LOC_GREATWORK_GREATWORKOBJECT_HONEY_MACGUFFIN_ACTIVE_WAR_PILLAGE_TIER2_NAME',   'GREAT_PERSON_HONEY_MACGUFFIN_ACTIVE_WAR_PILLAGE_TIER2_GP',			'GREATWORKOBJECT_HONEY_MACGUFFIN_ACTIVE',										'LOC_GREATWORK_HOMER_2_QUOTE',           0 ),
		('GREATWORK_GREATWORKOBJECT_HONEY_MACGUFFIN_ACTIVE_WAR_PILLAGE_TIER3',     'LOC_GREATWORK_GREATWORKOBJECT_HONEY_MACGUFFIN_ACTIVE_WAR_PILLAGE_TIER3_NAME',   'GREAT_PERSON_HONEY_MACGUFFIN_ACTIVE_WAR_PILLAGE_TIER3_GP',			'GREATWORKOBJECT_HONEY_MACGUFFIN_ACTIVE',										'LOC_GREATWORK_HOMER_2_QUOTE',           0 ),
		
		('GREATWORK_GREATWORKOBJECT_HONEY_MACGUFFIN_ACTIVE_WAR_DAMAGE_UNITS',			'LOC_GREATWORK_GREATWORKOBJECT_HONEY_MACGUFFIN_ACTIVE_WAR_DAMAGE_UNITS_NAME',		  'GREAT_PERSON_HONEY_MACGUFFIN_ACTIVE_WAR_DAMAGE_UNITS_GP',			'GREATWORKOBJECT_HONEY_MACGUFFIN_ACTIVE',										'LOC_GREATWORK_HOMER_2_QUOTE',           0 ),
		('GREATWORK_GREATWORKOBJECT_HONEY_MACGUFFIN_ACTIVE_WAR_DAMAGE_UNITS_TIER2',     'LOC_GREATWORK_GREATWORKOBJECT_HONEY_MACGUFFIN_ACTIVE_WAR_DAMAGE_UNITS_TIER2_NAME',   'GREAT_PERSON_HONEY_MACGUFFIN_ACTIVE_WAR_DAMAGE_UNITS_TIER2_GP',			'GREATWORKOBJECT_HONEY_MACGUFFIN_ACTIVE',										'LOC_GREATWORK_HOMER_2_QUOTE',           0 ),
		('GREATWORK_GREATWORKOBJECT_HONEY_MACGUFFIN_ACTIVE_WAR_DAMAGE_UNITS_TIER3',     'LOC_GREATWORK_GREATWORKOBJECT_HONEY_MACGUFFIN_ACTIVE_WAR_DAMAGE_UNITS_TIER3_NAME',   'GREAT_PERSON_HONEY_MACGUFFIN_ACTIVE_WAR_DAMAGE_UNITS_TIER3_GP',			'GREATWORKOBJECT_HONEY_MACGUFFIN_ACTIVE',										'LOC_GREATWORK_HOMER_2_QUOTE',           0 ),
		
		('GREATWORK_GREATWORKOBJECT_HONEY_MACGUFFIN_ACTIVE_WAR_STEAL_GOLD',			'LOC_GREATWORK_GREATWORKOBJECT_HONEY_MACGUFFIN_ACTIVE_WAR_STEAL_GOLD_NAME',		  'GREAT_PERSON_HONEY_MACGUFFIN_ACTIVE_WAR_STEAL_GOLD_GP',			'GREATWORKOBJECT_HONEY_MACGUFFIN_ACTIVE',										'LOC_GREATWORK_HOMER_2_QUOTE',           0 ),
		('GREATWORK_GREATWORKOBJECT_HONEY_MACGUFFIN_ACTIVE_WAR_STEAL_GOLD_TIER2',     'LOC_GREATWORK_GREATWORKOBJECT_HONEY_MACGUFFIN_ACTIVE_WAR_STEAL_GOLD_TIER2_NAME',   'GREAT_PERSON_HONEY_MACGUFFIN_ACTIVE_WAR_STEAL_GOLD_TIER2_GP',			'GREATWORKOBJECT_HONEY_MACGUFFIN_ACTIVE',										'LOC_GREATWORK_HOMER_2_QUOTE',           0 ),
		('GREATWORK_GREATWORKOBJECT_HONEY_MACGUFFIN_ACTIVE_WAR_STEAL_GOLD_TIER3',     'LOC_GREATWORK_GREATWORKOBJECT_HONEY_MACGUFFIN_ACTIVE_WAR_STEAL_GOLD_TIER3_NAME',   'GREAT_PERSON_HONEY_MACGUFFIN_ACTIVE_WAR_STEAL_GOLD_TIER3_GP',			'GREATWORKOBJECT_HONEY_MACGUFFIN_ACTIVE',										'LOC_GREATWORK_HOMER_2_QUOTE',           0 ),
		
		('GREATWORK_GREATWORKOBJECT_HONEY_MACGUFFIN_ACTIVE_WAR_STEAL_FAITH',			'LOC_GREATWORK_GREATWORKOBJECT_HONEY_MACGUFFIN_ACTIVE_WAR_STEAL_FAITH_NAME',		  'GREAT_PERSON_HONEY_MACGUFFIN_ACTIVE_WAR_STEAL_FAITH_GP',			'GREATWORKOBJECT_HONEY_MACGUFFIN_ACTIVE',										'LOC_GREATWORK_HOMER_2_QUOTE',           0 ),
		('GREATWORK_GREATWORKOBJECT_HONEY_MACGUFFIN_ACTIVE_WAR_STEAL_FAITH_TIER2',     'LOC_GREATWORK_GREATWORKOBJECT_HONEY_MACGUFFIN_ACTIVE_WAR_STEAL_FAITH_TIER2_NAME',   'GREAT_PERSON_HONEY_MACGUFFIN_ACTIVE_WAR_STEAL_FAITH_TIER2_GP',			'GREATWORKOBJECT_HONEY_MACGUFFIN_ACTIVE',										'LOC_GREATWORK_HOMER_2_QUOTE',           0 ),
		('GREATWORK_GREATWORKOBJECT_HONEY_MACGUFFIN_ACTIVE_WAR_STEAL_FAITH_TIER3',     'LOC_GREATWORK_GREATWORKOBJECT_HONEY_MACGUFFIN_ACTIVE_WAR_STEAL_FAITH_TIER3_NAME',   'GREAT_PERSON_HONEY_MACGUFFIN_ACTIVE_WAR_STEAL_FAITH_TIER3_GP',			'GREATWORKOBJECT_HONEY_MACGUFFIN_ACTIVE',										'LOC_GREATWORK_HOMER_2_QUOTE',           0 );

INSERT INTO Buildings
		(BuildingType,															Name,																Description,									 PrereqDistrict,			 AdvisorType, Cost, InternalOnly)
VALUES  ('BUILDING_HONEY_MACGUFFIN_HOLDER_ACTIVE_WAR_RADIATION', 'LOC_GREATWORK_GREATWORKOBJECT_HONEY_MACGUFFIN_ACTIVE_WAR_RADIATION_NAME', 'LOC_BUILDING_HONEY_MACGUFFIN_HOLDER_ACTIVE_WAR_RADIATION_DESC',    'DISTRICT_CITY_CENTER',      'ADVISOR_GENERIC', 200, 1),
		('BUILDING_HONEY_MACGUFFIN_HOLDER_ACTIVE_WAR_RADIATION_TIER2', 'LOC_GREATWORK_GREATWORKOBJECT_HONEY_MACGUFFIN_ACTIVE_WAR_RADIATION_TIER2_NAME', 'LOC_BUILDING_HONEY_MACGUFFIN_HOLDER_ACTIVE_WAR_RADIATION_TIER2_DESC',    'DISTRICT_CITY_CENTER',      'ADVISOR_GENERIC', 200, 1),
		('BUILDING_HONEY_MACGUFFIN_HOLDER_ACTIVE_WAR_RADIATION_TIER3', 'LOC_GREATWORK_GREATWORKOBJECT_HONEY_MACGUFFIN_ACTIVE_WAR_RADIATION_TIER3_NAME', 'LOC_BUILDING_HONEY_MACGUFFIN_HOLDER_ACTIVE_WAR_RADIATION_TIER3_DESC',    'DISTRICT_CITY_CENTER',      'ADVISOR_GENERIC', 200, 1),
		
		('BUILDING_HONEY_MACGUFFIN_HOLDER_ACTIVE_WAR_PILLAGE', 'LOC_GREATWORK_GREATWORKOBJECT_HONEY_MACGUFFIN_ACTIVE_WAR_PILLAGE_NAME', 'LOC_BUILDING_HONEY_MACGUFFIN_HOLDER_ACTIVE_WAR_PILLAGE_DESC',    'DISTRICT_CITY_CENTER',      'ADVISOR_GENERIC', 200, 1),
		('BUILDING_HONEY_MACGUFFIN_HOLDER_ACTIVE_WAR_PILLAGE_TIER2', 'LOC_GREATWORK_GREATWORKOBJECT_HONEY_MACGUFFIN_ACTIVE_WAR_PILLAGE_TIER2_NAME', 'LOC_BUILDING_HONEY_MACGUFFIN_HOLDER_ACTIVE_WAR_PILLAGE_TIER2_DESC',    'DISTRICT_CITY_CENTER',      'ADVISOR_GENERIC', 200, 1),
		('BUILDING_HONEY_MACGUFFIN_HOLDER_ACTIVE_WAR_PILLAGE_TIER3', 'LOC_GREATWORK_GREATWORKOBJECT_HONEY_MACGUFFIN_ACTIVE_WAR_PILLAGE_TIER3_NAME', 'LOC_BUILDING_HONEY_MACGUFFIN_HOLDER_ACTIVE_WAR_PILLAGE_TIER3_DESC',    'DISTRICT_CITY_CENTER',      'ADVISOR_GENERIC', 200, 1),
		
		('BUILDING_HONEY_MACGUFFIN_HOLDER_ACTIVE_WAR_DAMAGE_UNITS', 'LOC_GREATWORK_GREATWORKOBJECT_HONEY_MACGUFFIN_ACTIVE_WAR_DAMAGE_UNITS_NAME', 'LOC_BUILDING_HONEY_MACGUFFIN_HOLDER_ACTIVE_WAR_DAMAGE_UNITS_DESC',    'DISTRICT_CITY_CENTER',      'ADVISOR_GENERIC', 200, 1),
		('BUILDING_HONEY_MACGUFFIN_HOLDER_ACTIVE_WAR_DAMAGE_UNITS_TIER2', 'LOC_GREATWORK_GREATWORKOBJECT_HONEY_MACGUFFIN_ACTIVE_WAR_DAMAGE_UNITS_TIER2_NAME', 'LOC_BUILDING_HONEY_MACGUFFIN_HOLDER_ACTIVE_WAR_DAMAGE_UNITS_TIER2_DESC',    'DISTRICT_CITY_CENTER',      'ADVISOR_GENERIC', 200, 1),
		('BUILDING_HONEY_MACGUFFIN_HOLDER_ACTIVE_WAR_DAMAGE_UNITS_TIER3', 'LOC_GREATWORK_GREATWORKOBJECT_HONEY_MACGUFFIN_ACTIVE_WAR_DAMAGE_UNITS_TIER3_NAME', 'LOC_BUILDING_HONEY_MACGUFFIN_HOLDER_ACTIVE_WAR_DAMAGE_UNITS_TIER3_DESC',    'DISTRICT_CITY_CENTER',      'ADVISOR_GENERIC', 200, 1),
		
		('BUILDING_HONEY_MACGUFFIN_HOLDER_ACTIVE_WAR_STEAL_GOLD', 'LOC_GREATWORK_GREATWORKOBJECT_HONEY_MACGUFFIN_ACTIVE_WAR_STEAL_GOLD_NAME', 'LOC_BUILDING_HONEY_MACGUFFIN_HOLDER_ACTIVE_WAR_STEAL_GOLD_DESC',    'DISTRICT_CITY_CENTER',      'ADVISOR_GENERIC', 200, 1),
		('BUILDING_HONEY_MACGUFFIN_HOLDER_ACTIVE_WAR_STEAL_GOLD_TIER2', 'LOC_GREATWORK_GREATWORKOBJECT_HONEY_MACGUFFIN_ACTIVE_WAR_STEAL_GOLD_TIER2_NAME', 'LOC_BUILDING_HONEY_MACGUFFIN_HOLDER_ACTIVE_WAR_STEAL_GOLD_TIER2_DESC',    'DISTRICT_CITY_CENTER',      'ADVISOR_GENERIC', 200, 1),
		('BUILDING_HONEY_MACGUFFIN_HOLDER_ACTIVE_WAR_STEAL_GOLD_TIER3', 'LOC_GREATWORK_GREATWORKOBJECT_HONEY_MACGUFFIN_ACTIVE_WAR_STEAL_GOLD_TIER3_NAME', 'LOC_BUILDING_HONEY_MACGUFFIN_HOLDER_ACTIVE_WAR_STEAL_GOLD_TIER3_DESC',    'DISTRICT_CITY_CENTER',      'ADVISOR_GENERIC', 200, 1),
	
		('BUILDING_HONEY_MACGUFFIN_HOLDER_ACTIVE_WAR_STEAL_FAITH', 'LOC_GREATWORK_GREATWORKOBJECT_HONEY_MACGUFFIN_ACTIVE_WAR_STEAL_FAITH_NAME', 'LOC_BUILDING_HONEY_MACGUFFIN_HOLDER_ACTIVE_WAR_STEAL_FAITH_DESC',    'DISTRICT_CITY_CENTER',      'ADVISOR_GENERIC', 200, 1),
		('BUILDING_HONEY_MACGUFFIN_HOLDER_ACTIVE_WAR_STEAL_FAITH_TIER2', 'LOC_GREATWORK_GREATWORKOBJECT_HONEY_MACGUFFIN_ACTIVE_WAR_STEAL_FAITH_TIER2_NAME', 'LOC_BUILDING_HONEY_MACGUFFIN_HOLDER_ACTIVE_WAR_STEAL_FAITH_TIER2_DESC',    'DISTRICT_CITY_CENTER',      'ADVISOR_GENERIC', 200, 1),
		('BUILDING_HONEY_MACGUFFIN_HOLDER_ACTIVE_WAR_STEAL_FAITH_TIER3', 'LOC_GREATWORK_GREATWORKOBJECT_HONEY_MACGUFFIN_ACTIVE_WAR_STEAL_FAITH_TIER3_NAME', 'LOC_BUILDING_HONEY_MACGUFFIN_HOLDER_ACTIVE_WAR_STEAL_FAITH_TIER3_DESC',    'DISTRICT_CITY_CENTER',      'ADVISOR_GENERIC', 200, 1);  


INSERT INTO Projects
		(ProjectType,										Name,												 ShortName,													 Description,					Cost, AdvisorType,        RequiredBuilding)
VALUES  ('PROJECT_HONEY_MACGUFFIN_ACTIVE_WAR_RADIATION',		  'PROJECT_HONEY_MACGUFFIN_ACTIVE_NAME', 'PROJECT_HONEY_MACGUFFIN_ACTIVE_SHORTNAME', 'PROJECT_HONEY_MACGUFFIN_ACTIVE_WAR_RADIATION_DESC',         2,  'ADVISOR_GENERIC', 'BUILDING_HONEY_MACGUFFIN_HOLDER_ACTIVE_WAR_RADIATION'),
		('PROJECT_HONEY_MACGUFFIN_ACTIVE_WAR_RADIATION_TIER2', 'PROJECT_HONEY_MACGUFFIN_ACTIVE_NAME', 'PROJECT_HONEY_MACGUFFIN_ACTIVE_SHORTNAME', 'PROJECT_HONEY_MACGUFFIN_ACTIVE_WAR_RADIATION_TIER2_DESC',         2,  'ADVISOR_GENERIC', 'BUILDING_HONEY_MACGUFFIN_HOLDER_ACTIVE_WAR_RADIATION_TIER2'),
		('PROJECT_HONEY_MACGUFFIN_ACTIVE_WAR_RADIATION_TIER3', 'PROJECT_HONEY_MACGUFFIN_ACTIVE_NAME', 'PROJECT_HONEY_MACGUFFIN_ACTIVE_SHORTNAME', 'PROJECT_HONEY_MACGUFFIN_ACTIVE_WAR_RADIATION_TIER3_DESC',         2,  'ADVISOR_GENERIC', 'BUILDING_HONEY_MACGUFFIN_HOLDER_ACTIVE_WAR_RADIATION_TIER3'),
		
		('PROJECT_HONEY_MACGUFFIN_ACTIVE_WAR_PILLAGE',		  'PROJECT_HONEY_MACGUFFIN_ACTIVE_NAME', 'PROJECT_HONEY_MACGUFFIN_ACTIVE_SHORTNAME', 'PROJECT_HONEY_MACGUFFIN_ACTIVE_WAR_PILLAGE_DESC',         2,  'ADVISOR_GENERIC', 'BUILDING_HONEY_MACGUFFIN_HOLDER_ACTIVE_WAR_PILLAGE'),
		('PROJECT_HONEY_MACGUFFIN_ACTIVE_WAR_PILLAGE_TIER2', 'PROJECT_HONEY_MACGUFFIN_ACTIVE_NAME', 'PROJECT_HONEY_MACGUFFIN_ACTIVE_SHORTNAME', 'PROJECT_HONEY_MACGUFFIN_ACTIVE_WAR_PILLAGE_TIER2_DESC',         2,  'ADVISOR_GENERIC', 'BUILDING_HONEY_MACGUFFIN_HOLDER_ACTIVE_WAR_PILLAGE_TIER2'),
		('PROJECT_HONEY_MACGUFFIN_ACTIVE_WAR_PILLAGE_TIER3', 'PROJECT_HONEY_MACGUFFIN_ACTIVE_NAME', 'PROJECT_HONEY_MACGUFFIN_ACTIVE_SHORTNAME', 'PROJECT_HONEY_MACGUFFIN_ACTIVE_WAR_PILLAGE_TIER3_DESC',         2,  'ADVISOR_GENERIC', 'BUILDING_HONEY_MACGUFFIN_HOLDER_ACTIVE_WAR_PILLAGE_TIER3'),
		
		('PROJECT_HONEY_MACGUFFIN_ACTIVE_WAR_DAMAGE_UNITS',		  'PROJECT_HONEY_MACGUFFIN_ACTIVE_NAME', 'PROJECT_HONEY_MACGUFFIN_ACTIVE_SHORTNAME', 'PROJECT_HONEY_MACGUFFIN_ACTIVE_WAR_DAMAGE_UNITS_DESC',         2,  'ADVISOR_GENERIC', 'BUILDING_HONEY_MACGUFFIN_HOLDER_ACTIVE_WAR_DAMAGE_UNITS'),
		('PROJECT_HONEY_MACGUFFIN_ACTIVE_WAR_DAMAGE_UNITS_TIER2', 'PROJECT_HONEY_MACGUFFIN_ACTIVE_NAME', 'PROJECT_HONEY_MACGUFFIN_ACTIVE_SHORTNAME', 'PROJECT_HONEY_MACGUFFIN_ACTIVE_WAR_DAMAGE_UNITS_TIER2_DESC',         2,  'ADVISOR_GENERIC', 'BUILDING_HONEY_MACGUFFIN_HOLDER_ACTIVE_WAR_DAMAGE_UNITS_TIER2'),
		('PROJECT_HONEY_MACGUFFIN_ACTIVE_WAR_DAMAGE_UNITS_TIER3', 'PROJECT_HONEY_MACGUFFIN_ACTIVE_NAME', 'PROJECT_HONEY_MACGUFFIN_ACTIVE_SHORTNAME', 'PROJECT_HONEY_MACGUFFIN_ACTIVE_WAR_DAMAGE_UNITS_TIER3_DESC',         2,  'ADVISOR_GENERIC', 'BUILDING_HONEY_MACGUFFIN_HOLDER_ACTIVE_WAR_DAMAGE_UNITS_TIER3'),
		
		('PROJECT_HONEY_MACGUFFIN_ACTIVE_WAR_STEAL_GOLD',		  'PROJECT_HONEY_MACGUFFIN_ACTIVE_NAME', 'PROJECT_HONEY_MACGUFFIN_ACTIVE_SHORTNAME', 'PROJECT_HONEY_MACGUFFIN_ACTIVE_WAR_STEAL_GOLD_DESC',         2,  'ADVISOR_GENERIC', 'BUILDING_HONEY_MACGUFFIN_HOLDER_ACTIVE_WAR_STEAL_GOLD'),
		('PROJECT_HONEY_MACGUFFIN_ACTIVE_WAR_STEAL_GOLD_TIER2', 'PROJECT_HONEY_MACGUFFIN_ACTIVE_NAME', 'PROJECT_HONEY_MACGUFFIN_ACTIVE_SHORTNAME', 'PROJECT_HONEY_MACGUFFIN_ACTIVE_WAR_STEAL_GOLD_TIER2_DESC',         2,  'ADVISOR_GENERIC', 'BUILDING_HONEY_MACGUFFIN_HOLDER_ACTIVE_WAR_STEAL_GOLD_TIER2'),
		('PROJECT_HONEY_MACGUFFIN_ACTIVE_WAR_STEAL_GOLD_TIER3', 'PROJECT_HONEY_MACGUFFIN_ACTIVE_NAME', 'PROJECT_HONEY_MACGUFFIN_ACTIVE_SHORTNAME', 'PROJECT_HONEY_MACGUFFIN_ACTIVE_WAR_STEAL_GOLD_TIER3_DESC',         2,  'ADVISOR_GENERIC', 'BUILDING_HONEY_MACGUFFIN_HOLDER_ACTIVE_WAR_STEAL_GOLD_TIER3'),

		('PROJECT_HONEY_MACGUFFIN_ACTIVE_WAR_STEAL_FAITH',		  'PROJECT_HONEY_MACGUFFIN_ACTIVE_NAME', 'PROJECT_HONEY_MACGUFFIN_ACTIVE_SHORTNAME', 'PROJECT_HONEY_MACGUFFIN_ACTIVE_WAR_STEAL_FAITH_DESC',         2,  'ADVISOR_GENERIC', 'BUILDING_HONEY_MACGUFFIN_HOLDER_ACTIVE_WAR_STEAL_FAITH'),
		('PROJECT_HONEY_MACGUFFIN_ACTIVE_WAR_STEAL_FAITH_TIER2', 'PROJECT_HONEY_MACGUFFIN_ACTIVE_NAME', 'PROJECT_HONEY_MACGUFFIN_ACTIVE_SHORTNAME', 'PROJECT_HONEY_MACGUFFIN_ACTIVE_WAR_STEAL_FAITH_TIER2_DESC',         2,  'ADVISOR_GENERIC', 'BUILDING_HONEY_MACGUFFIN_HOLDER_ACTIVE_WAR_STEAL_FAITH_TIER2'),
		('PROJECT_HONEY_MACGUFFIN_ACTIVE_WAR_STEAL_FAITH_TIER3', 'PROJECT_HONEY_MACGUFFIN_ACTIVE_NAME', 'PROJECT_HONEY_MACGUFFIN_ACTIVE_SHORTNAME', 'PROJECT_HONEY_MACGUFFIN_ACTIVE_WAR_STEAL_FAITH_TIER3_DESC',         2,  'ADVISOR_GENERIC', 'BUILDING_HONEY_MACGUFFIN_HOLDER_ACTIVE_WAR_STEAL_FAITH_TIER3');
	

INSERT INTO Projects_XP2
		(ProjectType,								 RequiredBuilding)
VALUES  ('PROJECT_HONEY_MACGUFFIN_ACTIVE_WAR_RADIATION', 'BUILDING_HONEY_MACGUFFIN_HOLDER_ACTIVE_WAR_RADIATION'),
		('PROJECT_HONEY_MACGUFFIN_ACTIVE_WAR_RADIATION_TIER2', 'BUILDING_HONEY_MACGUFFIN_HOLDER_ACTIVE_WAR_RADIATION_TIER2'),
		('PROJECT_HONEY_MACGUFFIN_ACTIVE_WAR_RADIATION_TIER3', 'BUILDING_HONEY_MACGUFFIN_HOLDER_ACTIVE_WAR_RADIATION_TIER3'),
		
		('PROJECT_HONEY_MACGUFFIN_ACTIVE_WAR_PILLAGE', 'BUILDING_HONEY_MACGUFFIN_HOLDER_ACTIVE_WAR_PILLAGE'),
		('PROJECT_HONEY_MACGUFFIN_ACTIVE_WAR_PILLAGE_TIER2', 'BUILDING_HONEY_MACGUFFIN_HOLDER_ACTIVE_WAR_PILLAGE_TIER2'),
		('PROJECT_HONEY_MACGUFFIN_ACTIVE_WAR_PILLAGE_TIER3', 'BUILDING_HONEY_MACGUFFIN_HOLDER_ACTIVE_WAR_PILLAGE_TIER3'),
		
		('PROJECT_HONEY_MACGUFFIN_ACTIVE_WAR_DAMAGE_UNITS', 'BUILDING_HONEY_MACGUFFIN_HOLDER_ACTIVE_WAR_DAMAGE_UNITS'),
		('PROJECT_HONEY_MACGUFFIN_ACTIVE_WAR_DAMAGE_UNITS_TIER2', 'BUILDING_HONEY_MACGUFFIN_HOLDER_ACTIVE_WAR_DAMAGE_UNITS_TIER2'),
		('PROJECT_HONEY_MACGUFFIN_ACTIVE_WAR_DAMAGE_UNITS_TIER3', 'BUILDING_HONEY_MACGUFFIN_HOLDER_ACTIVE_WAR_DAMAGE_UNITS_TIER3'),
		
		('PROJECT_HONEY_MACGUFFIN_ACTIVE_WAR_STEAL_GOLD', 'BUILDING_HONEY_MACGUFFIN_HOLDER_ACTIVE_WAR_STEAL_GOLD'),
		('PROJECT_HONEY_MACGUFFIN_ACTIVE_WAR_STEAL_GOLD_TIER2', 'BUILDING_HONEY_MACGUFFIN_HOLDER_ACTIVE_WAR_STEAL_GOLD_TIER2'),
		('PROJECT_HONEY_MACGUFFIN_ACTIVE_WAR_STEAL_GOLD_TIER3', 'BUILDING_HONEY_MACGUFFIN_HOLDER_ACTIVE_WAR_STEAL_GOLD_TIER3'),

		
		('PROJECT_HONEY_MACGUFFIN_ACTIVE_WAR_STEAL_FAITH', 'BUILDING_HONEY_MACGUFFIN_HOLDER_ACTIVE_WAR_STEAL_FAITH'),
		('PROJECT_HONEY_MACGUFFIN_ACTIVE_WAR_STEAL_FAITH_TIER2', 'BUILDING_HONEY_MACGUFFIN_HOLDER_ACTIVE_WAR_STEAL_FAITH_TIER2'),
		('PROJECT_HONEY_MACGUFFIN_ACTIVE_WAR_STEAL_FAITH_TIER3', 'BUILDING_HONEY_MACGUFFIN_HOLDER_ACTIVE_WAR_STEAL_FAITH_TIER3');