-- Honey_Macguffin_Active_Construction
-- Author: mitch
-- DateCreated: 9/1/2023 2:30:16 PM
--------------------------------------------------------------

--grant builder # Motivatinator (whip with spikes on the end)
--splatter improvement on random valid tile
	--#mine/quarry # Notched Pickaxe
	--#farm/plantation # Farm Hand
	--camp/lumber mill # developer
	--#pasture/fishing boat # live stock (living bowl of soup)




INSERT INTO Types 

		(Type, Kind)
VALUES  ('GREATWORK_GREATWORKOBJECT_HONEY_MACGUFFIN_ACTIVE_FREE_BUILDER_UNIT',				'KIND_GREATWORK'), 
		('GREATWORK_GREATWORKOBJECT_HONEY_MACGUFFIN_ACTIVE_FREE_BUILDER_UNIT_TIER2',				'KIND_GREATWORK'),
		('GREATWORK_GREATWORKOBJECT_HONEY_MACGUFFIN_ACTIVE_FREE_BUILDER_UNIT_TIER3',				'KIND_GREATWORK'),
		('GREAT_PERSON_HONEY_MACGUFFIN_ACTIVE_FREE_BUILDER_UNIT_GP',				'KIND_GREAT_PERSON_INDIVIDUAL'),
		('GREAT_PERSON_HONEY_MACGUFFIN_ACTIVE_FREE_BUILDER_UNIT_TIER2_GP',				'KIND_GREAT_PERSON_INDIVIDUAL'),
		('GREAT_PERSON_HONEY_MACGUFFIN_ACTIVE_FREE_BUILDER_UNIT_TIER3_GP',				'KIND_GREAT_PERSON_INDIVIDUAL'),
		('BUILDING_HONEY_MACGUFFIN_HOLDER_ACTIVE_FREE_BUILDER_UNIT_TIER2',          'KIND_BUILDING'),
		('BUILDING_HONEY_MACGUFFIN_HOLDER_ACTIVE_FREE_BUILDER_UNIT_TIER3',          'KIND_BUILDING'),
		('BUILDING_HONEY_MACGUFFIN_HOLDER_ACTIVE_FREE_BUILDER_UNIT',          'KIND_BUILDING'),
		('PROJECT_HONEY_MACGUFFIN_ACTIVE_FREE_BUILDER_UNIT',                    'KIND_PROJECT'),
		('PROJECT_HONEY_MACGUFFIN_ACTIVE_FREE_BUILDER_UNIT_TIER2',                    'KIND_PROJECT'),
		('PROJECT_HONEY_MACGUFFIN_ACTIVE_FREE_BUILDER_UNIT_TIER3',                    'KIND_PROJECT'),
		
		('GREATWORK_GREATWORKOBJECT_HONEY_MACGUFFIN_ACTIVE_BUILD_MINE_QUARRY',				'KIND_GREATWORK'), 
		('GREATWORK_GREATWORKOBJECT_HONEY_MACGUFFIN_ACTIVE_BUILD_MINE_QUARRY_TIER2',				'KIND_GREATWORK'),
		('GREATWORK_GREATWORKOBJECT_HONEY_MACGUFFIN_ACTIVE_BUILD_MINE_QUARRY_TIER3',				'KIND_GREATWORK'),
		('GREAT_PERSON_HONEY_MACGUFFIN_ACTIVE_BUILD_MINE_QUARRY_GP',				'KIND_GREAT_PERSON_INDIVIDUAL'),
		('GREAT_PERSON_HONEY_MACGUFFIN_ACTIVE_BUILD_MINE_QUARRY_TIER2_GP',				'KIND_GREAT_PERSON_INDIVIDUAL'),
		('GREAT_PERSON_HONEY_MACGUFFIN_ACTIVE_BUILD_MINE_QUARRY_TIER3_GP',				'KIND_GREAT_PERSON_INDIVIDUAL'),
		('BUILDING_HONEY_MACGUFFIN_HOLDER_ACTIVE_BUILD_MINE_QUARRY_TIER2',          'KIND_BUILDING'),
		('BUILDING_HONEY_MACGUFFIN_HOLDER_ACTIVE_BUILD_MINE_QUARRY_TIER3',          'KIND_BUILDING'),
		('BUILDING_HONEY_MACGUFFIN_HOLDER_ACTIVE_BUILD_MINE_QUARRY',          'KIND_BUILDING'),
		('PROJECT_HONEY_MACGUFFIN_ACTIVE_BUILD_MINE_QUARRY',                    'KIND_PROJECT'),
		('PROJECT_HONEY_MACGUFFIN_ACTIVE_BUILD_MINE_QUARRY_TIER2',                    'KIND_PROJECT'),
		('PROJECT_HONEY_MACGUFFIN_ACTIVE_BUILD_MINE_QUARRY_TIER3',                    'KIND_PROJECT'),
		
		('GREATWORK_GREATWORKOBJECT_HONEY_MACGUFFIN_ACTIVE_BUILD_FARM_PLANTATION',				'KIND_GREATWORK'), 
		('GREATWORK_GREATWORKOBJECT_HONEY_MACGUFFIN_ACTIVE_BUILD_FARM_PLANTATION_TIER2',				'KIND_GREATWORK'),
		('GREATWORK_GREATWORKOBJECT_HONEY_MACGUFFIN_ACTIVE_BUILD_FARM_PLANTATION_TIER3',				'KIND_GREATWORK'),
		('GREAT_PERSON_HONEY_MACGUFFIN_ACTIVE_BUILD_FARM_PLANTATION_GP',				'KIND_GREAT_PERSON_INDIVIDUAL'),
		('GREAT_PERSON_HONEY_MACGUFFIN_ACTIVE_BUILD_FARM_PLANTATION_TIER2_GP',				'KIND_GREAT_PERSON_INDIVIDUAL'),
		('GREAT_PERSON_HONEY_MACGUFFIN_ACTIVE_BUILD_FARM_PLANTATION_TIER3_GP',				'KIND_GREAT_PERSON_INDIVIDUAL'),
		('BUILDING_HONEY_MACGUFFIN_HOLDER_ACTIVE_BUILD_FARM_PLANTATION_TIER2',          'KIND_BUILDING'),
		('BUILDING_HONEY_MACGUFFIN_HOLDER_ACTIVE_BUILD_FARM_PLANTATION_TIER3',          'KIND_BUILDING'),
		('BUILDING_HONEY_MACGUFFIN_HOLDER_ACTIVE_BUILD_FARM_PLANTATION',          'KIND_BUILDING'),
		('PROJECT_HONEY_MACGUFFIN_ACTIVE_BUILD_FARM_PLANTATION',                    'KIND_PROJECT'),
		('PROJECT_HONEY_MACGUFFIN_ACTIVE_BUILD_FARM_PLANTATION_TIER2',                    'KIND_PROJECT'),
		('PROJECT_HONEY_MACGUFFIN_ACTIVE_BUILD_FARM_PLANTATION_TIER3',                    'KIND_PROJECT'),
		
		('GREATWORK_GREATWORKOBJECT_HONEY_MACGUFFIN_ACTIVE_BUILD_CAMP_MILL',				'KIND_GREATWORK'), 
		('GREATWORK_GREATWORKOBJECT_HONEY_MACGUFFIN_ACTIVE_BUILD_CAMP_MILL_TIER2',				'KIND_GREATWORK'),
		('GREATWORK_GREATWORKOBJECT_HONEY_MACGUFFIN_ACTIVE_BUILD_CAMP_MILL_TIER3',				'KIND_GREATWORK'),
		('GREAT_PERSON_HONEY_MACGUFFIN_ACTIVE_BUILD_CAMP_MILL_GP',				'KIND_GREAT_PERSON_INDIVIDUAL'),
		('GREAT_PERSON_HONEY_MACGUFFIN_ACTIVE_BUILD_CAMP_MILL_TIER2_GP',				'KIND_GREAT_PERSON_INDIVIDUAL'),
		('GREAT_PERSON_HONEY_MACGUFFIN_ACTIVE_BUILD_CAMP_MILL_TIER3_GP',				'KIND_GREAT_PERSON_INDIVIDUAL'),
		('BUILDING_HONEY_MACGUFFIN_HOLDER_ACTIVE_BUILD_CAMP_MILL_TIER2',          'KIND_BUILDING'),
		('BUILDING_HONEY_MACGUFFIN_HOLDER_ACTIVE_BUILD_CAMP_MILL_TIER3',          'KIND_BUILDING'),
		('BUILDING_HONEY_MACGUFFIN_HOLDER_ACTIVE_BUILD_CAMP_MILL',          'KIND_BUILDING'),
		('PROJECT_HONEY_MACGUFFIN_ACTIVE_BUILD_CAMP_MILL',                    'KIND_PROJECT'),
		('PROJECT_HONEY_MACGUFFIN_ACTIVE_BUILD_CAMP_MILL_TIER2',                    'KIND_PROJECT'),
		('PROJECT_HONEY_MACGUFFIN_ACTIVE_BUILD_CAMP_MILL_TIER3',                    'KIND_PROJECT'),
		
		('GREATWORK_GREATWORKOBJECT_HONEY_MACGUFFIN_ACTIVE_BUILD_PASTURE_FISHING',				'KIND_GREATWORK'), 
		('GREATWORK_GREATWORKOBJECT_HONEY_MACGUFFIN_ACTIVE_BUILD_PASTURE_FISHING_TIER2',				'KIND_GREATWORK'),
		('GREATWORK_GREATWORKOBJECT_HONEY_MACGUFFIN_ACTIVE_BUILD_PASTURE_FISHING_TIER3',				'KIND_GREATWORK'),
		('GREAT_PERSON_HONEY_MACGUFFIN_ACTIVE_BUILD_PASTURE_FISHING_GP',				'KIND_GREAT_PERSON_INDIVIDUAL'),
		('GREAT_PERSON_HONEY_MACGUFFIN_ACTIVE_BUILD_PASTURE_FISHING_TIER2_GP',				'KIND_GREAT_PERSON_INDIVIDUAL'),
		('GREAT_PERSON_HONEY_MACGUFFIN_ACTIVE_BUILD_PASTURE_FISHING_TIER3_GP',				'KIND_GREAT_PERSON_INDIVIDUAL'),
		('BUILDING_HONEY_MACGUFFIN_HOLDER_ACTIVE_BUILD_PASTURE_FISHING_TIER2',          'KIND_BUILDING'),
		('BUILDING_HONEY_MACGUFFIN_HOLDER_ACTIVE_BUILD_PASTURE_FISHING_TIER3',          'KIND_BUILDING'),
		('BUILDING_HONEY_MACGUFFIN_HOLDER_ACTIVE_BUILD_PASTURE_FISHING',          'KIND_BUILDING'),
		('PROJECT_HONEY_MACGUFFIN_ACTIVE_BUILD_PASTURE_FISHING',                    'KIND_PROJECT'),
		('PROJECT_HONEY_MACGUFFIN_ACTIVE_BUILD_PASTURE_FISHING_TIER2',                    'KIND_PROJECT'),
		('PROJECT_HONEY_MACGUFFIN_ACTIVE_BUILD_PASTURE_FISHING_TIER3',                    'KIND_PROJECT');



INSERT INTO GreatPersonIndividuals
			(GreatPersonIndividualType,						Name,						GreatPersonClassType,			 eraType,					Gender,		 ActionCharges,            ActionEffectTextOverride)
VALUES ('GREAT_PERSON_HONEY_MACGUFFIN_ACTIVE_FREE_BUILDER_UNIT_GP', 'LOC_GREAT_PERSON_HONEY_MACGUFFIN_GP_NAME',  'GREAT_PERSON_HONEY_MACGUFFIN_GP' ,     'HONEY_MACGUFFIN_DUMMY_ERA',        'M',            0,					'LOC_GREAT_PERSON_HONEY_MACGUFFIN_ACTION'),
	   ('GREAT_PERSON_HONEY_MACGUFFIN_ACTIVE_FREE_BUILDER_UNIT_TIER2_GP', 'LOC_GREAT_PERSON_HONEY_MACGUFFIN_GP_NAME',  'GREAT_PERSON_HONEY_MACGUFFIN_GP' ,     'HONEY_MACGUFFIN_DUMMY_ERA',        'M',            0,					'LOC_GREAT_PERSON_HONEY_MACGUFFIN_ACTION'),
	   ('GREAT_PERSON_HONEY_MACGUFFIN_ACTIVE_FREE_BUILDER_UNIT_TIER3_GP', 'LOC_GREAT_PERSON_HONEY_MACGUFFIN_GP_NAME',  'GREAT_PERSON_HONEY_MACGUFFIN_GP' ,     'HONEY_MACGUFFIN_DUMMY_ERA',        'M',            0,					'LOC_GREAT_PERSON_HONEY_MACGUFFIN_ACTION'),
	   
	   ('GREAT_PERSON_HONEY_MACGUFFIN_ACTIVE_BUILD_MINE_QUARRY_GP', 'LOC_GREAT_PERSON_HONEY_MACGUFFIN_GP_NAME',  'GREAT_PERSON_HONEY_MACGUFFIN_GP' ,     'HONEY_MACGUFFIN_DUMMY_ERA',        'M',            0,					'LOC_GREAT_PERSON_HONEY_MACGUFFIN_ACTION'),
	   ('GREAT_PERSON_HONEY_MACGUFFIN_ACTIVE_BUILD_MINE_QUARRY_TIER2_GP', 'LOC_GREAT_PERSON_HONEY_MACGUFFIN_GP_NAME',  'GREAT_PERSON_HONEY_MACGUFFIN_GP' ,     'HONEY_MACGUFFIN_DUMMY_ERA',        'M',            0,					'LOC_GREAT_PERSON_HONEY_MACGUFFIN_ACTION'),
	   ('GREAT_PERSON_HONEY_MACGUFFIN_ACTIVE_BUILD_MINE_QUARRY_TIER3_GP', 'LOC_GREAT_PERSON_HONEY_MACGUFFIN_GP_NAME',  'GREAT_PERSON_HONEY_MACGUFFIN_GP' ,     'HONEY_MACGUFFIN_DUMMY_ERA',        'M',            0,					'LOC_GREAT_PERSON_HONEY_MACGUFFIN_ACTION'),
	   
	   ('GREAT_PERSON_HONEY_MACGUFFIN_ACTIVE_BUILD_FARM_PLANTATION_GP', 'LOC_GREAT_PERSON_HONEY_MACGUFFIN_GP_NAME',  'GREAT_PERSON_HONEY_MACGUFFIN_GP' ,     'HONEY_MACGUFFIN_DUMMY_ERA',        'M',            0,					'LOC_GREAT_PERSON_HONEY_MACGUFFIN_ACTION'),
	   ('GREAT_PERSON_HONEY_MACGUFFIN_ACTIVE_BUILD_FARM_PLANTATION_TIER2_GP', 'LOC_GREAT_PERSON_HONEY_MACGUFFIN_GP_NAME',  'GREAT_PERSON_HONEY_MACGUFFIN_GP' ,     'HONEY_MACGUFFIN_DUMMY_ERA',        'M',            0,					'LOC_GREAT_PERSON_HONEY_MACGUFFIN_ACTION'),
	   ('GREAT_PERSON_HONEY_MACGUFFIN_ACTIVE_BUILD_FARM_PLANTATION_TIER3_GP', 'LOC_GREAT_PERSON_HONEY_MACGUFFIN_GP_NAME',  'GREAT_PERSON_HONEY_MACGUFFIN_GP' ,     'HONEY_MACGUFFIN_DUMMY_ERA',        'M',            0,					'LOC_GREAT_PERSON_HONEY_MACGUFFIN_ACTION'),
	   
	   ('GREAT_PERSON_HONEY_MACGUFFIN_ACTIVE_BUILD_CAMP_MILL_GP', 'LOC_GREAT_PERSON_HONEY_MACGUFFIN_GP_NAME',  'GREAT_PERSON_HONEY_MACGUFFIN_GP' ,     'HONEY_MACGUFFIN_DUMMY_ERA',        'M',            0,					'LOC_GREAT_PERSON_HONEY_MACGUFFIN_ACTION'),
	   ('GREAT_PERSON_HONEY_MACGUFFIN_ACTIVE_BUILD_CAMP_MILL_TIER2_GP', 'LOC_GREAT_PERSON_HONEY_MACGUFFIN_GP_NAME',  'GREAT_PERSON_HONEY_MACGUFFIN_GP' ,     'HONEY_MACGUFFIN_DUMMY_ERA',        'M',            0,					'LOC_GREAT_PERSON_HONEY_MACGUFFIN_ACTION'),
	   ('GREAT_PERSON_HONEY_MACGUFFIN_ACTIVE_BUILD_CAMP_MILL_TIER3_GP', 'LOC_GREAT_PERSON_HONEY_MACGUFFIN_GP_NAME',  'GREAT_PERSON_HONEY_MACGUFFIN_GP' ,     'HONEY_MACGUFFIN_DUMMY_ERA',        'M',            0,					'LOC_GREAT_PERSON_HONEY_MACGUFFIN_ACTION'),
	   
	   ('GREAT_PERSON_HONEY_MACGUFFIN_ACTIVE_BUILD_PASTURE_FISHING_GP', 'LOC_GREAT_PERSON_HONEY_MACGUFFIN_GP_NAME',  'GREAT_PERSON_HONEY_MACGUFFIN_GP' ,     'HONEY_MACGUFFIN_DUMMY_ERA',        'M',            0,					'LOC_GREAT_PERSON_HONEY_MACGUFFIN_ACTION'),
	   ('GREAT_PERSON_HONEY_MACGUFFIN_ACTIVE_BUILD_PASTURE_FISHING_TIER2_GP', 'LOC_GREAT_PERSON_HONEY_MACGUFFIN_GP_NAME',  'GREAT_PERSON_HONEY_MACGUFFIN_GP' ,     'HONEY_MACGUFFIN_DUMMY_ERA',        'M',            0,					'LOC_GREAT_PERSON_HONEY_MACGUFFIN_ACTION'),
	   ('GREAT_PERSON_HONEY_MACGUFFIN_ACTIVE_BUILD_PASTURE_FISHING_TIER3_GP', 'LOC_GREAT_PERSON_HONEY_MACGUFFIN_GP_NAME',  'GREAT_PERSON_HONEY_MACGUFFIN_GP' ,     'HONEY_MACGUFFIN_DUMMY_ERA',        'M',            0,					'LOC_GREAT_PERSON_HONEY_MACGUFFIN_ACTION');

INSERT INTO GreatWorks
		(GreatWorkType,																										 Name,									      GreatPersonIndividualType,							 GreatWorkObjectType,																			 Quote ,          Tourism )
VALUES  ('GREATWORK_GREATWORKOBJECT_HONEY_MACGUFFIN_ACTIVE_FREE_BUILDER_UNIT',			'LOC_GREATWORK_GREATWORKOBJECT_HONEY_MACGUFFIN_ACTIVE_FREE_BUILDER_UNIT_NAME',		  'GREAT_PERSON_HONEY_MACGUFFIN_ACTIVE_FREE_BUILDER_UNIT_GP',			'GREATWORKOBJECT_HONEY_MACGUFFIN_ACTIVE',										'LOC_GREATWORK_HOMER_2_QUOTE',           0 ),
		('GREATWORK_GREATWORKOBJECT_HONEY_MACGUFFIN_ACTIVE_FREE_BUILDER_UNIT_TIER2',     'LOC_GREATWORK_GREATWORKOBJECT_HONEY_MACGUFFIN_ACTIVE_FREE_BUILDER_UNIT_TIER2_NAME',   'GREAT_PERSON_HONEY_MACGUFFIN_ACTIVE_FREE_BUILDER_UNIT_TIER2_GP',			'GREATWORKOBJECT_HONEY_MACGUFFIN_ACTIVE',										'LOC_GREATWORK_HOMER_2_QUOTE',           0 ),
		('GREATWORK_GREATWORKOBJECT_HONEY_MACGUFFIN_ACTIVE_FREE_BUILDER_UNIT_TIER3',     'LOC_GREATWORK_GREATWORKOBJECT_HONEY_MACGUFFIN_ACTIVE_FREE_BUILDER_UNIT_TIER3_NAME',   'GREAT_PERSON_HONEY_MACGUFFIN_ACTIVE_FREE_BUILDER_UNIT_TIER3_GP',			'GREATWORKOBJECT_HONEY_MACGUFFIN_ACTIVE',										'LOC_GREATWORK_HOMER_2_QUOTE',           0 ),
		
		('GREATWORK_GREATWORKOBJECT_HONEY_MACGUFFIN_ACTIVE_BUILD_MINE_QUARRY',			'LOC_GREATWORK_GREATWORKOBJECT_HONEY_MACGUFFIN_ACTIVE_BUILD_MINE_QUARRY_NAME',		  'GREAT_PERSON_HONEY_MACGUFFIN_ACTIVE_BUILD_MINE_QUARRY_GP',			'GREATWORKOBJECT_HONEY_MACGUFFIN_ACTIVE',										'LOC_GREATWORK_HOMER_2_QUOTE',           0 ),
		('GREATWORK_GREATWORKOBJECT_HONEY_MACGUFFIN_ACTIVE_BUILD_MINE_QUARRY_TIER2',     'LOC_GREATWORK_GREATWORKOBJECT_HONEY_MACGUFFIN_ACTIVE_BUILD_MINE_QUARRY_TIER2_NAME',   'GREAT_PERSON_HONEY_MACGUFFIN_ACTIVE_BUILD_MINE_QUARRY_TIER2_GP',			'GREATWORKOBJECT_HONEY_MACGUFFIN_ACTIVE',										'LOC_GREATWORK_HOMER_2_QUOTE',           0 ),
		('GREATWORK_GREATWORKOBJECT_HONEY_MACGUFFIN_ACTIVE_BUILD_MINE_QUARRY_TIER3',     'LOC_GREATWORK_GREATWORKOBJECT_HONEY_MACGUFFIN_ACTIVE_BUILD_MINE_QUARRY_TIER3_NAME',   'GREAT_PERSON_HONEY_MACGUFFIN_ACTIVE_BUILD_MINE_QUARRY_TIER3_GP',			'GREATWORKOBJECT_HONEY_MACGUFFIN_ACTIVE',										'LOC_GREATWORK_HOMER_2_QUOTE',           0 ),
		
		('GREATWORK_GREATWORKOBJECT_HONEY_MACGUFFIN_ACTIVE_BUILD_FARM_PLANTATION',			'LOC_GREATWORK_GREATWORKOBJECT_HONEY_MACGUFFIN_ACTIVE_BUILD_FARM_PLANTATION_NAME',		  'GREAT_PERSON_HONEY_MACGUFFIN_ACTIVE_BUILD_FARM_PLANTATION_GP',			'GREATWORKOBJECT_HONEY_MACGUFFIN_ACTIVE',										'LOC_GREATWORK_HOMER_2_QUOTE',           0 ),
		('GREATWORK_GREATWORKOBJECT_HONEY_MACGUFFIN_ACTIVE_BUILD_FARM_PLANTATION_TIER2',     'LOC_GREATWORK_GREATWORKOBJECT_HONEY_MACGUFFIN_ACTIVE_BUILD_FARM_PLANTATION_TIER2_NAME',   'GREAT_PERSON_HONEY_MACGUFFIN_ACTIVE_BUILD_FARM_PLANTATION_TIER2_GP',			'GREATWORKOBJECT_HONEY_MACGUFFIN_ACTIVE',										'LOC_GREATWORK_HOMER_2_QUOTE',           0 ),
		('GREATWORK_GREATWORKOBJECT_HONEY_MACGUFFIN_ACTIVE_BUILD_FARM_PLANTATION_TIER3',     'LOC_GREATWORK_GREATWORKOBJECT_HONEY_MACGUFFIN_ACTIVE_BUILD_FARM_PLANTATION_TIER3_NAME',   'GREAT_PERSON_HONEY_MACGUFFIN_ACTIVE_BUILD_FARM_PLANTATION_TIER3_GP',			'GREATWORKOBJECT_HONEY_MACGUFFIN_ACTIVE',										'LOC_GREATWORK_HOMER_2_QUOTE',           0 ),
		
		('GREATWORK_GREATWORKOBJECT_HONEY_MACGUFFIN_ACTIVE_BUILD_CAMP_MILL',			'LOC_GREATWORK_GREATWORKOBJECT_HONEY_MACGUFFIN_ACTIVE_BUILD_CAMP_MILL_NAME',		  'GREAT_PERSON_HONEY_MACGUFFIN_ACTIVE_BUILD_CAMP_MILL_GP',			'GREATWORKOBJECT_HONEY_MACGUFFIN_ACTIVE',										'LOC_GREATWORK_HOMER_2_QUOTE',           0 ),
		('GREATWORK_GREATWORKOBJECT_HONEY_MACGUFFIN_ACTIVE_BUILD_CAMP_MILL_TIER2',     'LOC_GREATWORK_GREATWORKOBJECT_HONEY_MACGUFFIN_ACTIVE_BUILD_CAMP_MILL_TIER2_NAME',   'GREAT_PERSON_HONEY_MACGUFFIN_ACTIVE_BUILD_CAMP_MILL_TIER2_GP',			'GREATWORKOBJECT_HONEY_MACGUFFIN_ACTIVE',										'LOC_GREATWORK_HOMER_2_QUOTE',           0 ),
		('GREATWORK_GREATWORKOBJECT_HONEY_MACGUFFIN_ACTIVE_BUILD_CAMP_MILL_TIER3',     'LOC_GREATWORK_GREATWORKOBJECT_HONEY_MACGUFFIN_ACTIVE_BUILD_CAMP_MILL_TIER3_NAME',   'GREAT_PERSON_HONEY_MACGUFFIN_ACTIVE_BUILD_CAMP_MILL_TIER3_GP',			'GREATWORKOBJECT_HONEY_MACGUFFIN_ACTIVE',										'LOC_GREATWORK_HOMER_2_QUOTE',           0 ),
		
		('GREATWORK_GREATWORKOBJECT_HONEY_MACGUFFIN_ACTIVE_BUILD_PASTURE_FISHING',			'LOC_GREATWORK_GREATWORKOBJECT_HONEY_MACGUFFIN_ACTIVE_BUILD_PASTURE_FISHING_NAME',		  'GREAT_PERSON_HONEY_MACGUFFIN_ACTIVE_BUILD_PASTURE_FISHING_GP',			'GREATWORKOBJECT_HONEY_MACGUFFIN_ACTIVE',										'LOC_GREATWORK_HOMER_2_QUOTE',           0 ),
		('GREATWORK_GREATWORKOBJECT_HONEY_MACGUFFIN_ACTIVE_BUILD_PASTURE_FISHING_TIER2',     'LOC_GREATWORK_GREATWORKOBJECT_HONEY_MACGUFFIN_ACTIVE_BUILD_PASTURE_FISHING_TIER2_NAME',   'GREAT_PERSON_HONEY_MACGUFFIN_ACTIVE_BUILD_PASTURE_FISHING_TIER2_GP',			'GREATWORKOBJECT_HONEY_MACGUFFIN_ACTIVE',										'LOC_GREATWORK_HOMER_2_QUOTE',           0 ),
		('GREATWORK_GREATWORKOBJECT_HONEY_MACGUFFIN_ACTIVE_BUILD_PASTURE_FISHING_TIER3',     'LOC_GREATWORK_GREATWORKOBJECT_HONEY_MACGUFFIN_ACTIVE_BUILD_PASTURE_FISHING_TIER3_NAME',   'GREAT_PERSON_HONEY_MACGUFFIN_ACTIVE_BUILD_PASTURE_FISHING_TIER3_GP',			'GREATWORKOBJECT_HONEY_MACGUFFIN_ACTIVE',										'LOC_GREATWORK_HOMER_2_QUOTE',           0 );

INSERT INTO Buildings
		(BuildingType,															Name,																Description,									 PrereqDistrict,			 AdvisorType, Cost, InternalOnly)
VALUES  ('BUILDING_HONEY_MACGUFFIN_HOLDER_ACTIVE_FREE_BUILDER_UNIT', 'LOC_GREATWORK_GREATWORKOBJECT_HONEY_MACGUFFIN_ACTIVE_FREE_BUILDER_UNIT_NAME', 'LOC_BUILDING_HONEY_MACGUFFIN_HOLDER_ACTIVE_FREE_BUILDER_UNIT_DESC',    'DISTRICT_CITY_CENTER',      'ADVISOR_GENERIC', 200, 1),
		('BUILDING_HONEY_MACGUFFIN_HOLDER_ACTIVE_FREE_BUILDER_UNIT_TIER2', 'LOC_GREATWORK_GREATWORKOBJECT_HONEY_MACGUFFIN_ACTIVE_FREE_BUILDER_UNIT_TIER2_NAME', 'LOC_BUILDING_HONEY_MACGUFFIN_HOLDER_ACTIVE_FREE_BUILDER_UNIT_TIER2_DESC',    'DISTRICT_CITY_CENTER',      'ADVISOR_GENERIC', 200, 1),
		('BUILDING_HONEY_MACGUFFIN_HOLDER_ACTIVE_FREE_BUILDER_UNIT_TIER3', 'LOC_GREATWORK_GREATWORKOBJECT_HONEY_MACGUFFIN_ACTIVE_FREE_BUILDER_UNIT_TIER3_NAME', 'LOC_BUILDING_HONEY_MACGUFFIN_HOLDER_ACTIVE_FREE_BUILDER_UNIT_TIER3_DESC',    'DISTRICT_CITY_CENTER',      'ADVISOR_GENERIC', 200, 1),
		
		('BUILDING_HONEY_MACGUFFIN_HOLDER_ACTIVE_BUILD_MINE_QUARRY', 'LOC_GREATWORK_GREATWORKOBJECT_HONEY_MACGUFFIN_ACTIVE_BUILD_MINE_QUARRY_NAME', 'LOC_BUILDING_HONEY_MACGUFFIN_HOLDER_ACTIVE_BUILD_MINE_QUARRY_DESC',    'DISTRICT_CITY_CENTER',      'ADVISOR_GENERIC', 200, 1),
		('BUILDING_HONEY_MACGUFFIN_HOLDER_ACTIVE_BUILD_MINE_QUARRY_TIER2', 'LOC_GREATWORK_GREATWORKOBJECT_HONEY_MACGUFFIN_ACTIVE_BUILD_MINE_QUARRY_TIER2_NAME', 'LOC_BUILDING_HONEY_MACGUFFIN_HOLDER_ACTIVE_BUILD_MINE_QUARRY_TIER2_DESC',    'DISTRICT_CITY_CENTER',      'ADVISOR_GENERIC', 200, 1),
		('BUILDING_HONEY_MACGUFFIN_HOLDER_ACTIVE_BUILD_MINE_QUARRY_TIER3', 'LOC_GREATWORK_GREATWORKOBJECT_HONEY_MACGUFFIN_ACTIVE_BUILD_MINE_QUARRY_TIER3_NAME', 'LOC_BUILDING_HONEY_MACGUFFIN_HOLDER_ACTIVE_BUILD_MINE_QUARRY_TIER3_DESC',    'DISTRICT_CITY_CENTER',      'ADVISOR_GENERIC', 200, 1),
		
		('BUILDING_HONEY_MACGUFFIN_HOLDER_ACTIVE_BUILD_FARM_PLANTATION', 'LOC_GREATWORK_GREATWORKOBJECT_HONEY_MACGUFFIN_ACTIVE_BUILD_FARM_PLANTATION_NAME', 'LOC_BUILDING_HONEY_MACGUFFIN_HOLDER_ACTIVE_BUILD_FARM_PLANTATION_DESC',    'DISTRICT_CITY_CENTER',      'ADVISOR_GENERIC', 200, 1),
		('BUILDING_HONEY_MACGUFFIN_HOLDER_ACTIVE_BUILD_FARM_PLANTATION_TIER2', 'LOC_GREATWORK_GREATWORKOBJECT_HONEY_MACGUFFIN_ACTIVE_BUILD_FARM_PLANTATION_TIER2_NAME', 'LOC_BUILDING_HONEY_MACGUFFIN_HOLDER_ACTIVE_BUILD_FARM_PLANTATION_TIER2_DESC',    'DISTRICT_CITY_CENTER',      'ADVISOR_GENERIC', 200, 1),
		('BUILDING_HONEY_MACGUFFIN_HOLDER_ACTIVE_BUILD_FARM_PLANTATION_TIER3', 'LOC_GREATWORK_GREATWORKOBJECT_HONEY_MACGUFFIN_ACTIVE_BUILD_FARM_PLANTATION_TIER3_NAME', 'LOC_BUILDING_HONEY_MACGUFFIN_HOLDER_ACTIVE_BUILD_FARM_PLANTATION_TIER3_DESC',    'DISTRICT_CITY_CENTER',      'ADVISOR_GENERIC', 200, 1),
		
		('BUILDING_HONEY_MACGUFFIN_HOLDER_ACTIVE_BUILD_CAMP_MILL', 'LOC_GREATWORK_GREATWORKOBJECT_HONEY_MACGUFFIN_ACTIVE_BUILD_CAMP_MILL_NAME', 'LOC_BUILDING_HONEY_MACGUFFIN_HOLDER_ACTIVE_BUILD_CAMP_MILL_DESC',    'DISTRICT_CITY_CENTER',      'ADVISOR_GENERIC', 200, 1),
		('BUILDING_HONEY_MACGUFFIN_HOLDER_ACTIVE_BUILD_CAMP_MILL_TIER2', 'LOC_GREATWORK_GREATWORKOBJECT_HONEY_MACGUFFIN_ACTIVE_BUILD_CAMP_MILL_TIER2_NAME', 'LOC_BUILDING_HONEY_MACGUFFIN_HOLDER_ACTIVE_BUILD_CAMP_MILL_TIER2_DESC',    'DISTRICT_CITY_CENTER',      'ADVISOR_GENERIC', 200, 1),
		('BUILDING_HONEY_MACGUFFIN_HOLDER_ACTIVE_BUILD_CAMP_MILL_TIER3', 'LOC_GREATWORK_GREATWORKOBJECT_HONEY_MACGUFFIN_ACTIVE_BUILD_CAMP_MILL_TIER3_NAME', 'LOC_BUILDING_HONEY_MACGUFFIN_HOLDER_ACTIVE_BUILD_CAMP_MILL_TIER3_DESC',    'DISTRICT_CITY_CENTER',      'ADVISOR_GENERIC', 200, 1),
		
		('BUILDING_HONEY_MACGUFFIN_HOLDER_ACTIVE_BUILD_PASTURE_FISHING', 'LOC_GREATWORK_GREATWORKOBJECT_HONEY_MACGUFFIN_ACTIVE_BUILD_PASTURE_FISHING_NAME', 'LOC_BUILDING_HONEY_MACGUFFIN_HOLDER_ACTIVE_BUILD_PASTURE_FISHING_DESC',    'DISTRICT_CITY_CENTER',      'ADVISOR_GENERIC', 200, 1),
		('BUILDING_HONEY_MACGUFFIN_HOLDER_ACTIVE_BUILD_PASTURE_FISHING_TIER2', 'LOC_GREATWORK_GREATWORKOBJECT_HONEY_MACGUFFIN_ACTIVE_BUILD_PASTURE_FISHING_TIER2_NAME', 'LOC_BUILDING_HONEY_MACGUFFIN_HOLDER_ACTIVE_BUILD_PASTURE_FISHING_TIER2_DESC',    'DISTRICT_CITY_CENTER',      'ADVISOR_GENERIC', 200, 1),
		('BUILDING_HONEY_MACGUFFIN_HOLDER_ACTIVE_BUILD_PASTURE_FISHING_TIER3', 'LOC_GREATWORK_GREATWORKOBJECT_HONEY_MACGUFFIN_ACTIVE_BUILD_PASTURE_FISHING_TIER3_NAME', 'LOC_BUILDING_HONEY_MACGUFFIN_HOLDER_ACTIVE_BUILD_PASTURE_FISHING_TIER3_DESC',    'DISTRICT_CITY_CENTER',      'ADVISOR_GENERIC', 200, 1);  


INSERT INTO Projects
		(ProjectType,										Name,												 ShortName,													 Description,					Cost, AdvisorType,        RequiredBuilding)
VALUES  ('PROJECT_HONEY_MACGUFFIN_ACTIVE_FREE_BUILDER_UNIT',		  'PROJECT_HONEY_MACGUFFIN_ACTIVE_NAME', 'PROJECT_HONEY_MACGUFFIN_ACTIVE_SHORTNAME', 'PROJECT_HONEY_MACGUFFIN_ACTIVE_FREE_BUILDER_UNIT_DESC',         2,  'ADVISOR_GENERIC', 'BUILDING_HONEY_MACGUFFIN_HOLDER_ACTIVE_FREE_BUILDER_UNIT'),
		('PROJECT_HONEY_MACGUFFIN_ACTIVE_FREE_BUILDER_UNIT_TIER2', 'PROJECT_HONEY_MACGUFFIN_ACTIVE_NAME', 'PROJECT_HONEY_MACGUFFIN_ACTIVE_SHORTNAME', 'PROJECT_HONEY_MACGUFFIN_ACTIVE_FREE_BUILDER_UNIT_TIER2_DESC',         2,  'ADVISOR_GENERIC', 'BUILDING_HONEY_MACGUFFIN_HOLDER_ACTIVE_FREE_BUILDER_UNIT_TIER2'),
		('PROJECT_HONEY_MACGUFFIN_ACTIVE_FREE_BUILDER_UNIT_TIER3', 'PROJECT_HONEY_MACGUFFIN_ACTIVE_NAME', 'PROJECT_HONEY_MACGUFFIN_ACTIVE_SHORTNAME', 'PROJECT_HONEY_MACGUFFIN_ACTIVE_FREE_BUILDER_UNIT_TIER3_DESC',         2,  'ADVISOR_GENERIC', 'BUILDING_HONEY_MACGUFFIN_HOLDER_ACTIVE_FREE_BUILDER_UNIT_TIER3'),
		
		('PROJECT_HONEY_MACGUFFIN_ACTIVE_BUILD_MINE_QUARRY',		  'PROJECT_HONEY_MACGUFFIN_ACTIVE_NAME', 'PROJECT_HONEY_MACGUFFIN_ACTIVE_SHORTNAME', 'PROJECT_HONEY_MACGUFFIN_ACTIVE_BUILD_MINE_QUARRY_DESC',         2,  'ADVISOR_GENERIC', 'BUILDING_HONEY_MACGUFFIN_HOLDER_ACTIVE_BUILD_MINE_QUARRY'),
		('PROJECT_HONEY_MACGUFFIN_ACTIVE_BUILD_MINE_QUARRY_TIER2', 'PROJECT_HONEY_MACGUFFIN_ACTIVE_NAME', 'PROJECT_HONEY_MACGUFFIN_ACTIVE_SHORTNAME', 'PROJECT_HONEY_MACGUFFIN_ACTIVE_BUILD_MINE_QUARRY_TIER2_DESC',         2,  'ADVISOR_GENERIC', 'BUILDING_HONEY_MACGUFFIN_HOLDER_ACTIVE_BUILD_MINE_QUARRY_TIER2'),
		('PROJECT_HONEY_MACGUFFIN_ACTIVE_BUILD_MINE_QUARRY_TIER3', 'PROJECT_HONEY_MACGUFFIN_ACTIVE_NAME', 'PROJECT_HONEY_MACGUFFIN_ACTIVE_SHORTNAME', 'PROJECT_HONEY_MACGUFFIN_ACTIVE_BUILD_MINE_QUARRY_TIER3_DESC',         2,  'ADVISOR_GENERIC', 'BUILDING_HONEY_MACGUFFIN_HOLDER_ACTIVE_BUILD_MINE_QUARRY_TIER3'),
		
		('PROJECT_HONEY_MACGUFFIN_ACTIVE_BUILD_FARM_PLANTATION',		  'PROJECT_HONEY_MACGUFFIN_ACTIVE_NAME', 'PROJECT_HONEY_MACGUFFIN_ACTIVE_SHORTNAME', 'PROJECT_HONEY_MACGUFFIN_ACTIVE_BUILD_FARM_PLANTATION_DESC',         2,  'ADVISOR_GENERIC', 'BUILDING_HONEY_MACGUFFIN_HOLDER_ACTIVE_BUILD_FARM_PLANTATION'),
		('PROJECT_HONEY_MACGUFFIN_ACTIVE_BUILD_FARM_PLANTATION_TIER2', 'PROJECT_HONEY_MACGUFFIN_ACTIVE_NAME', 'PROJECT_HONEY_MACGUFFIN_ACTIVE_SHORTNAME', 'PROJECT_HONEY_MACGUFFIN_ACTIVE_BUILD_FARM_PLANTATION_TIER2_DESC',         2,  'ADVISOR_GENERIC', 'BUILDING_HONEY_MACGUFFIN_HOLDER_ACTIVE_BUILD_FARM_PLANTATION_TIER2'),
		('PROJECT_HONEY_MACGUFFIN_ACTIVE_BUILD_FARM_PLANTATION_TIER3', 'PROJECT_HONEY_MACGUFFIN_ACTIVE_NAME', 'PROJECT_HONEY_MACGUFFIN_ACTIVE_SHORTNAME', 'PROJECT_HONEY_MACGUFFIN_ACTIVE_BUILD_FARM_PLANTATION_TIER3_DESC',         2,  'ADVISOR_GENERIC', 'BUILDING_HONEY_MACGUFFIN_HOLDER_ACTIVE_BUILD_FARM_PLANTATION_TIER3'),
		
		('PROJECT_HONEY_MACGUFFIN_ACTIVE_BUILD_CAMP_MILL',		  'PROJECT_HONEY_MACGUFFIN_ACTIVE_NAME', 'PROJECT_HONEY_MACGUFFIN_ACTIVE_SHORTNAME', 'PROJECT_HONEY_MACGUFFIN_ACTIVE_BUILD_CAMP_MILL_DESC',         2,  'ADVISOR_GENERIC', 'BUILDING_HONEY_MACGUFFIN_HOLDER_ACTIVE_BUILD_CAMP_MILL'),
		('PROJECT_HONEY_MACGUFFIN_ACTIVE_BUILD_CAMP_MILL_TIER2', 'PROJECT_HONEY_MACGUFFIN_ACTIVE_NAME', 'PROJECT_HONEY_MACGUFFIN_ACTIVE_SHORTNAME', 'PROJECT_HONEY_MACGUFFIN_ACTIVE_BUILD_CAMP_MILL_TIER2_DESC',         2,  'ADVISOR_GENERIC', 'BUILDING_HONEY_MACGUFFIN_HOLDER_ACTIVE_BUILD_CAMP_MILL_TIER2'),
		('PROJECT_HONEY_MACGUFFIN_ACTIVE_BUILD_CAMP_MILL_TIER3', 'PROJECT_HONEY_MACGUFFIN_ACTIVE_NAME', 'PROJECT_HONEY_MACGUFFIN_ACTIVE_SHORTNAME', 'PROJECT_HONEY_MACGUFFIN_ACTIVE_BUILD_CAMP_MILL_TIER3_DESC',         2,  'ADVISOR_GENERIC', 'BUILDING_HONEY_MACGUFFIN_HOLDER_ACTIVE_BUILD_CAMP_MILL_TIER3'),
		
		('PROJECT_HONEY_MACGUFFIN_ACTIVE_BUILD_PASTURE_FISHING',		  'PROJECT_HONEY_MACGUFFIN_ACTIVE_NAME', 'PROJECT_HONEY_MACGUFFIN_ACTIVE_SHORTNAME', 'PROJECT_HONEY_MACGUFFIN_ACTIVE_BUILD_PASTURE_FISHING_DESC',         2,  'ADVISOR_GENERIC', 'BUILDING_HONEY_MACGUFFIN_HOLDER_ACTIVE_BUILD_PASTURE_FISHING'),
		('PROJECT_HONEY_MACGUFFIN_ACTIVE_BUILD_PASTURE_FISHING_TIER2', 'PROJECT_HONEY_MACGUFFIN_ACTIVE_NAME', 'PROJECT_HONEY_MACGUFFIN_ACTIVE_SHORTNAME', 'PROJECT_HONEY_MACGUFFIN_ACTIVE_BUILD_PASTURE_FISHING_TIER2_DESC',         2,  'ADVISOR_GENERIC', 'BUILDING_HONEY_MACGUFFIN_HOLDER_ACTIVE_BUILD_PASTURE_FISHING_TIER2'),
		('PROJECT_HONEY_MACGUFFIN_ACTIVE_BUILD_PASTURE_FISHING_TIER3', 'PROJECT_HONEY_MACGUFFIN_ACTIVE_NAME', 'PROJECT_HONEY_MACGUFFIN_ACTIVE_SHORTNAME', 'PROJECT_HONEY_MACGUFFIN_ACTIVE_BUILD_PASTURE_FISHING_TIER3_DESC',         2,  'ADVISOR_GENERIC', 'BUILDING_HONEY_MACGUFFIN_HOLDER_ACTIVE_BUILD_PASTURE_FISHING_TIER3');
	

INSERT INTO Projects_XP2
		(ProjectType,								 RequiredBuilding)
VALUES  ('PROJECT_HONEY_MACGUFFIN_ACTIVE_FREE_BUILDER_UNIT', 'BUILDING_HONEY_MACGUFFIN_HOLDER_ACTIVE_FREE_BUILDER_UNIT'),
		('PROJECT_HONEY_MACGUFFIN_ACTIVE_FREE_BUILDER_UNIT_TIER2', 'BUILDING_HONEY_MACGUFFIN_HOLDER_ACTIVE_FREE_BUILDER_UNIT_TIER2'),
		('PROJECT_HONEY_MACGUFFIN_ACTIVE_FREE_BUILDER_UNIT_TIER3', 'BUILDING_HONEY_MACGUFFIN_HOLDER_ACTIVE_FREE_BUILDER_UNIT_TIER3'),
		
		('PROJECT_HONEY_MACGUFFIN_ACTIVE_BUILD_MINE_QUARRY', 'BUILDING_HONEY_MACGUFFIN_HOLDER_ACTIVE_BUILD_MINE_QUARRY'),
		('PROJECT_HONEY_MACGUFFIN_ACTIVE_BUILD_MINE_QUARRY_TIER2', 'BUILDING_HONEY_MACGUFFIN_HOLDER_ACTIVE_BUILD_MINE_QUARRY_TIER2'),
		('PROJECT_HONEY_MACGUFFIN_ACTIVE_BUILD_MINE_QUARRY_TIER3', 'BUILDING_HONEY_MACGUFFIN_HOLDER_ACTIVE_BUILD_MINE_QUARRY_TIER3'),
		
		('PROJECT_HONEY_MACGUFFIN_ACTIVE_BUILD_FARM_PLANTATION', 'BUILDING_HONEY_MACGUFFIN_HOLDER_ACTIVE_BUILD_FARM_PLANTATION'),
		('PROJECT_HONEY_MACGUFFIN_ACTIVE_BUILD_FARM_PLANTATION_TIER2', 'BUILDING_HONEY_MACGUFFIN_HOLDER_ACTIVE_BUILD_FARM_PLANTATION_TIER2'),
		('PROJECT_HONEY_MACGUFFIN_ACTIVE_BUILD_FARM_PLANTATION_TIER3', 'BUILDING_HONEY_MACGUFFIN_HOLDER_ACTIVE_BUILD_FARM_PLANTATION_TIER3'),
		
		('PROJECT_HONEY_MACGUFFIN_ACTIVE_BUILD_CAMP_MILL', 'BUILDING_HONEY_MACGUFFIN_HOLDER_ACTIVE_BUILD_CAMP_MILL'),
		('PROJECT_HONEY_MACGUFFIN_ACTIVE_BUILD_CAMP_MILL_TIER2', 'BUILDING_HONEY_MACGUFFIN_HOLDER_ACTIVE_BUILD_CAMP_MILL_TIER2'),
		('PROJECT_HONEY_MACGUFFIN_ACTIVE_BUILD_CAMP_MILL_TIER3', 'BUILDING_HONEY_MACGUFFIN_HOLDER_ACTIVE_BUILD_CAMP_MILL_TIER3'),
		
		('PROJECT_HONEY_MACGUFFIN_ACTIVE_BUILD_PASTURE_FISHING', 'BUILDING_HONEY_MACGUFFIN_HOLDER_ACTIVE_BUILD_PASTURE_FISHING'),
		('PROJECT_HONEY_MACGUFFIN_ACTIVE_BUILD_PASTURE_FISHING_TIER2', 'BUILDING_HONEY_MACGUFFIN_HOLDER_ACTIVE_BUILD_PASTURE_FISHING_TIER2'),
		('PROJECT_HONEY_MACGUFFIN_ACTIVE_BUILD_PASTURE_FISHING_TIER3', 'BUILDING_HONEY_MACGUFFIN_HOLDER_ACTIVE_BUILD_PASTURE_FISHING_TIER3');
