-- Honey_Macguffin_Passive_Building_Bonuses
-- Author: mitch
-- DateCreated: 8/23/2023 12:21:01 PM
--------------------------------------------------------------

-- basically just a city state bonus just for you, no cost of envoys. 

-- campus
-- theatre
-- market
-- industrial
-- encampment
-- harbor
-- holy site






INSERT INTO Types 

		(Type, Kind)
VALUES  ('GREATWORK_GREATWORKOBJECT_HONEY_MACGUFFIN_PASSIVE_BUILDING_BONUS_SCIENCE',				'KIND_GREATWORK'),
		('GREATWORK_GREATWORKOBJECT_HONEY_MACGUFFIN_PASSIVE_BUILDING_BONUS_SCIENCE_TIER2',				'KIND_GREATWORK'),
		('GREATWORK_GREATWORKOBJECT_HONEY_MACGUFFIN_PASSIVE_BUILDING_BONUS_SCIENCE_TIER3',				'KIND_GREATWORK'),
		('GREAT_PERSON_HONEY_MACGUFFIN_PASSIVE_BUILDING_BONUS_SCIENCE_GP',				'KIND_GREAT_PERSON_INDIVIDUAL'),
		('GREAT_PERSON_HONEY_MACGUFFIN_PASSIVE_BUILDING_BONUS_SCIENCE_TIER2_GP',				'KIND_GREAT_PERSON_INDIVIDUAL'),
		('GREAT_PERSON_HONEY_MACGUFFIN_PASSIVE_BUILDING_BONUS_SCIENCE_TIER3_GP',				'KIND_GREAT_PERSON_INDIVIDUAL'),
		('BUILDING_HONEY_MACGUFFIN_HOLDER_PASSIVE_BUILDING_BONUS_SCIENCE_TIER2',          'KIND_BUILDING'),
		('BUILDING_HONEY_MACGUFFIN_HOLDER_PASSIVE_BUILDING_BONUS_SCIENCE_TIER3',          'KIND_BUILDING'),
		('BUILDING_HONEY_MACGUFFIN_HOLDER_PASSIVE_BUILDING_BONUS_SCIENCE',          'KIND_BUILDING'),
		
		('GREATWORK_GREATWORKOBJECT_HONEY_MACGUFFIN_PASSIVE_BUILDING_BONUS_CULTURE',				'KIND_GREATWORK'),
		('GREATWORK_GREATWORKOBJECT_HONEY_MACGUFFIN_PASSIVE_BUILDING_BONUS_CULTURE_TIER2',				'KIND_GREATWORK'),
		('GREATWORK_GREATWORKOBJECT_HONEY_MACGUFFIN_PASSIVE_BUILDING_BONUS_CULTURE_TIER3',				'KIND_GREATWORK'),
		('GREAT_PERSON_HONEY_MACGUFFIN_PASSIVE_BUILDING_BONUS_CULTURE_GP',				'KIND_GREAT_PERSON_INDIVIDUAL'),
		('GREAT_PERSON_HONEY_MACGUFFIN_PASSIVE_BUILDING_BONUS_CULTURE_TIER2_GP',				'KIND_GREAT_PERSON_INDIVIDUAL'),
		('GREAT_PERSON_HONEY_MACGUFFIN_PASSIVE_BUILDING_BONUS_CULTURE_TIER3_GP',				'KIND_GREAT_PERSON_INDIVIDUAL'),
		('BUILDING_HONEY_MACGUFFIN_HOLDER_PASSIVE_BUILDING_BONUS_CULTURE_TIER2',          'KIND_BUILDING'),
		('BUILDING_HONEY_MACGUFFIN_HOLDER_PASSIVE_BUILDING_BONUS_CULTURE_TIER3',          'KIND_BUILDING'),
		('BUILDING_HONEY_MACGUFFIN_HOLDER_PASSIVE_BUILDING_BONUS_CULTURE',          'KIND_BUILDING'),
		
		('GREATWORK_GREATWORKOBJECT_HONEY_MACGUFFIN_PASSIVE_BUILDING_BONUS_GOLD',				'KIND_GREATWORK'),
		('GREATWORK_GREATWORKOBJECT_HONEY_MACGUFFIN_PASSIVE_BUILDING_BONUS_GOLD_TIER2',				'KIND_GREATWORK'),
		('GREATWORK_GREATWORKOBJECT_HONEY_MACGUFFIN_PASSIVE_BUILDING_BONUS_GOLD_TIER3',				'KIND_GREATWORK'),
		('GREAT_PERSON_HONEY_MACGUFFIN_PASSIVE_BUILDING_BONUS_GOLD_GP',				'KIND_GREAT_PERSON_INDIVIDUAL'),
		('GREAT_PERSON_HONEY_MACGUFFIN_PASSIVE_BUILDING_BONUS_GOLD_TIER2_GP',				'KIND_GREAT_PERSON_INDIVIDUAL'),
		('GREAT_PERSON_HONEY_MACGUFFIN_PASSIVE_BUILDING_BONUS_GOLD_TIER3_GP',				'KIND_GREAT_PERSON_INDIVIDUAL'),
		('BUILDING_HONEY_MACGUFFIN_HOLDER_PASSIVE_BUILDING_BONUS_GOLD_TIER2',          'KIND_BUILDING'),
		('BUILDING_HONEY_MACGUFFIN_HOLDER_PASSIVE_BUILDING_BONUS_GOLD_TIER3',          'KIND_BUILDING'),
		('BUILDING_HONEY_MACGUFFIN_HOLDER_PASSIVE_BUILDING_BONUS_GOLD',          'KIND_BUILDING'),
		
		('GREATWORK_GREATWORKOBJECT_HONEY_MACGUFFIN_PASSIVE_BUILDING_BONUS_FAITH',				'KIND_GREATWORK'),
		('GREATWORK_GREATWORKOBJECT_HONEY_MACGUFFIN_PASSIVE_BUILDING_BONUS_FAITH_TIER2',				'KIND_GREATWORK'),
		('GREATWORK_GREATWORKOBJECT_HONEY_MACGUFFIN_PASSIVE_BUILDING_BONUS_FAITH_TIER3',				'KIND_GREATWORK'),
		('GREAT_PERSON_HONEY_MACGUFFIN_PASSIVE_BUILDING_BONUS_FAITH_GP',				'KIND_GREAT_PERSON_INDIVIDUAL'),
		('GREAT_PERSON_HONEY_MACGUFFIN_PASSIVE_BUILDING_BONUS_FAITH_TIER2_GP',				'KIND_GREAT_PERSON_INDIVIDUAL'),
		('GREAT_PERSON_HONEY_MACGUFFIN_PASSIVE_BUILDING_BONUS_FAITH_TIER3_GP',				'KIND_GREAT_PERSON_INDIVIDUAL'),
		('BUILDING_HONEY_MACGUFFIN_HOLDER_PASSIVE_BUILDING_BONUS_FAITH_TIER2',          'KIND_BUILDING'),
		('BUILDING_HONEY_MACGUFFIN_HOLDER_PASSIVE_BUILDING_BONUS_FAITH_TIER3',          'KIND_BUILDING'),
		('BUILDING_HONEY_MACGUFFIN_HOLDER_PASSIVE_BUILDING_BONUS_FAITH',          'KIND_BUILDING'),
		
		('GREATWORK_GREATWORKOBJECT_HONEY_MACGUFFIN_PASSIVE_BUILDING_BONUS_HARBOR',				'KIND_GREATWORK'),
		('GREATWORK_GREATWORKOBJECT_HONEY_MACGUFFIN_PASSIVE_BUILDING_BONUS_HARBOR_TIER2',				'KIND_GREATWORK'),
		('GREATWORK_GREATWORKOBJECT_HONEY_MACGUFFIN_PASSIVE_BUILDING_BONUS_HARBOR_TIER3',				'KIND_GREATWORK'),
		('GREAT_PERSON_HONEY_MACGUFFIN_PASSIVE_BUILDING_BONUS_HARBOR_GP',				'KIND_GREAT_PERSON_INDIVIDUAL'),
		('GREAT_PERSON_HONEY_MACGUFFIN_PASSIVE_BUILDING_BONUS_HARBOR_TIER2_GP',				'KIND_GREAT_PERSON_INDIVIDUAL'),
		('GREAT_PERSON_HONEY_MACGUFFIN_PASSIVE_BUILDING_BONUS_HARBOR_TIER3_GP',				'KIND_GREAT_PERSON_INDIVIDUAL'),
		('BUILDING_HONEY_MACGUFFIN_HOLDER_PASSIVE_BUILDING_BONUS_HARBOR_TIER2',          'KIND_BUILDING'),
		('BUILDING_HONEY_MACGUFFIN_HOLDER_PASSIVE_BUILDING_BONUS_HARBOR_TIER3',          'KIND_BUILDING'),
		('BUILDING_HONEY_MACGUFFIN_HOLDER_PASSIVE_BUILDING_BONUS_HARBOR',          'KIND_BUILDING'),
		
		('GREATWORK_GREATWORKOBJECT_HONEY_MACGUFFIN_PASSIVE_BUILDING_BONUS_PRODUCTION',				'KIND_GREATWORK'),
		('GREATWORK_GREATWORKOBJECT_HONEY_MACGUFFIN_PASSIVE_BUILDING_BONUS_PRODUCTION_TIER2',				'KIND_GREATWORK'),
		('GREATWORK_GREATWORKOBJECT_HONEY_MACGUFFIN_PASSIVE_BUILDING_BONUS_PRODUCTION_TIER3',				'KIND_GREATWORK'),
		('GREAT_PERSON_HONEY_MACGUFFIN_PASSIVE_BUILDING_BONUS_PRODUCTION_GP',				'KIND_GREAT_PERSON_INDIVIDUAL'),
		('GREAT_PERSON_HONEY_MACGUFFIN_PASSIVE_BUILDING_BONUS_PRODUCTION_TIER2_GP',				'KIND_GREAT_PERSON_INDIVIDUAL'),
		('GREAT_PERSON_HONEY_MACGUFFIN_PASSIVE_BUILDING_BONUS_PRODUCTION_TIER3_GP',				'KIND_GREAT_PERSON_INDIVIDUAL'),
		('BUILDING_HONEY_MACGUFFIN_HOLDER_PASSIVE_BUILDING_BONUS_PRODUCTION_TIER2',          'KIND_BUILDING'),
		('BUILDING_HONEY_MACGUFFIN_HOLDER_PASSIVE_BUILDING_BONUS_PRODUCTION_TIER3',          'KIND_BUILDING'),
		('BUILDING_HONEY_MACGUFFIN_HOLDER_PASSIVE_BUILDING_BONUS_PRODUCTION',          'KIND_BUILDING'),

		('GREATWORK_GREATWORKOBJECT_HONEY_MACGUFFIN_PASSIVE_BUILDING_BONUS_MILITARY',				'KIND_GREATWORK'),
		('GREATWORK_GREATWORKOBJECT_HONEY_MACGUFFIN_PASSIVE_BUILDING_BONUS_MILITARY_TIER2',				'KIND_GREATWORK'),
		('GREATWORK_GREATWORKOBJECT_HONEY_MACGUFFIN_PASSIVE_BUILDING_BONUS_MILITARY_TIER3',				'KIND_GREATWORK'),
		('GREAT_PERSON_HONEY_MACGUFFIN_PASSIVE_BUILDING_BONUS_MILITARY_GP',				'KIND_GREAT_PERSON_INDIVIDUAL'),
		('GREAT_PERSON_HONEY_MACGUFFIN_PASSIVE_BUILDING_BONUS_MILITARY_TIER2_GP',				'KIND_GREAT_PERSON_INDIVIDUAL'),
		('GREAT_PERSON_HONEY_MACGUFFIN_PASSIVE_BUILDING_BONUS_MILITARY_TIER3_GP',				'KIND_GREAT_PERSON_INDIVIDUAL'),
		('BUILDING_HONEY_MACGUFFIN_HOLDER_PASSIVE_BUILDING_BONUS_MILITARY_TIER2',          'KIND_BUILDING'),
		('BUILDING_HONEY_MACGUFFIN_HOLDER_PASSIVE_BUILDING_BONUS_MILITARY_TIER3',          'KIND_BUILDING'),
		('BUILDING_HONEY_MACGUFFIN_HOLDER_PASSIVE_BUILDING_BONUS_MILITARY',          'KIND_BUILDING');



INSERT INTO GreatPersonIndividuals
			(GreatPersonIndividualType,						Name,						GreatPersonClassType,			 eraType,					Gender,		 ActionCharges,            ActionEffectTextOverride)
VALUES ('GREAT_PERSON_HONEY_MACGUFFIN_PASSIVE_BUILDING_BONUS_SCIENCE_GP', 'LOC_GREAT_PERSON_HONEY_MACGUFFIN_GP_NAME',  'GREAT_PERSON_HONEY_MACGUFFIN_GP' ,     'HONEY_MACGUFFIN_DUMMY_ERA',        'M',            0,					'LOC_GREAT_PERSON_HONEY_MACGUFFIN_ACTION'),
	   ('GREAT_PERSON_HONEY_MACGUFFIN_PASSIVE_BUILDING_BONUS_SCIENCE_TIER2_GP', 'LOC_GREAT_PERSON_HONEY_MACGUFFIN_GP_NAME',  'GREAT_PERSON_HONEY_MACGUFFIN_GP' ,     'HONEY_MACGUFFIN_DUMMY_ERA',        'M',            0,					'LOC_GREAT_PERSON_HONEY_MACGUFFIN_ACTION'),
	   ('GREAT_PERSON_HONEY_MACGUFFIN_PASSIVE_BUILDING_BONUS_SCIENCE_TIER3_GP', 'LOC_GREAT_PERSON_HONEY_MACGUFFIN_GP_NAME',  'GREAT_PERSON_HONEY_MACGUFFIN_GP' ,     'HONEY_MACGUFFIN_DUMMY_ERA',        'M',            0,					'LOC_GREAT_PERSON_HONEY_MACGUFFIN_ACTION'),
	   
	   ('GREAT_PERSON_HONEY_MACGUFFIN_PASSIVE_BUILDING_BONUS_CULTURE_GP', 'LOC_GREAT_PERSON_HONEY_MACGUFFIN_GP_NAME',  'GREAT_PERSON_HONEY_MACGUFFIN_GP' ,     'HONEY_MACGUFFIN_DUMMY_ERA',        'M',            0,					'LOC_GREAT_PERSON_HONEY_MACGUFFIN_ACTION'),
	   ('GREAT_PERSON_HONEY_MACGUFFIN_PASSIVE_BUILDING_BONUS_CULTURE_TIER2_GP', 'LOC_GREAT_PERSON_HONEY_MACGUFFIN_GP_NAME',  'GREAT_PERSON_HONEY_MACGUFFIN_GP' ,     'HONEY_MACGUFFIN_DUMMY_ERA',        'M',            0,					'LOC_GREAT_PERSON_HONEY_MACGUFFIN_ACTION'),
	   ('GREAT_PERSON_HONEY_MACGUFFIN_PASSIVE_BUILDING_BONUS_CULTURE_TIER3_GP', 'LOC_GREAT_PERSON_HONEY_MACGUFFIN_GP_NAME',  'GREAT_PERSON_HONEY_MACGUFFIN_GP' ,     'HONEY_MACGUFFIN_DUMMY_ERA',        'M',            0,					'LOC_GREAT_PERSON_HONEY_MACGUFFIN_ACTION'),
	   
	   ('GREAT_PERSON_HONEY_MACGUFFIN_PASSIVE_BUILDING_BONUS_GOLD_GP', 'LOC_GREAT_PERSON_HONEY_MACGUFFIN_GP_NAME',  'GREAT_PERSON_HONEY_MACGUFFIN_GP' ,     'HONEY_MACGUFFIN_DUMMY_ERA',        'M',            0,					'LOC_GREAT_PERSON_HONEY_MACGUFFIN_ACTION'),
	   ('GREAT_PERSON_HONEY_MACGUFFIN_PASSIVE_BUILDING_BONUS_GOLD_TIER2_GP', 'LOC_GREAT_PERSON_HONEY_MACGUFFIN_GP_NAME',  'GREAT_PERSON_HONEY_MACGUFFIN_GP' ,     'HONEY_MACGUFFIN_DUMMY_ERA',        'M',            0,					'LOC_GREAT_PERSON_HONEY_MACGUFFIN_ACTION'),
	   ('GREAT_PERSON_HONEY_MACGUFFIN_PASSIVE_BUILDING_BONUS_GOLD_TIER3_GP', 'LOC_GREAT_PERSON_HONEY_MACGUFFIN_GP_NAME',  'GREAT_PERSON_HONEY_MACGUFFIN_GP' ,     'HONEY_MACGUFFIN_DUMMY_ERA',        'M',            0,					'LOC_GREAT_PERSON_HONEY_MACGUFFIN_ACTION'),
	   
	   ('GREAT_PERSON_HONEY_MACGUFFIN_PASSIVE_BUILDING_BONUS_FAITH_GP', 'LOC_GREAT_PERSON_HONEY_MACGUFFIN_GP_NAME',  'GREAT_PERSON_HONEY_MACGUFFIN_GP' ,     'HONEY_MACGUFFIN_DUMMY_ERA',        'M',            0,					'LOC_GREAT_PERSON_HONEY_MACGUFFIN_ACTION'),
	   ('GREAT_PERSON_HONEY_MACGUFFIN_PASSIVE_BUILDING_BONUS_FAITH_TIER2_GP', 'LOC_GREAT_PERSON_HONEY_MACGUFFIN_GP_NAME',  'GREAT_PERSON_HONEY_MACGUFFIN_GP' ,     'HONEY_MACGUFFIN_DUMMY_ERA',        'M',            0,					'LOC_GREAT_PERSON_HONEY_MACGUFFIN_ACTION'),
	   ('GREAT_PERSON_HONEY_MACGUFFIN_PASSIVE_BUILDING_BONUS_FAITH_TIER3_GP', 'LOC_GREAT_PERSON_HONEY_MACGUFFIN_GP_NAME',  'GREAT_PERSON_HONEY_MACGUFFIN_GP' ,     'HONEY_MACGUFFIN_DUMMY_ERA',        'M',            0,					'LOC_GREAT_PERSON_HONEY_MACGUFFIN_ACTION'),
	    
	   ('GREAT_PERSON_HONEY_MACGUFFIN_PASSIVE_BUILDING_BONUS_HARBOR_GP', 'LOC_GREAT_PERSON_HONEY_MACGUFFIN_GP_NAME',  'GREAT_PERSON_HONEY_MACGUFFIN_GP' ,     'HONEY_MACGUFFIN_DUMMY_ERA',        'M',            0,					'LOC_GREAT_PERSON_HONEY_MACGUFFIN_ACTION'),
	   ('GREAT_PERSON_HONEY_MACGUFFIN_PASSIVE_BUILDING_BONUS_HARBOR_TIER2_GP', 'LOC_GREAT_PERSON_HONEY_MACGUFFIN_GP_NAME',  'GREAT_PERSON_HONEY_MACGUFFIN_GP' ,     'HONEY_MACGUFFIN_DUMMY_ERA',        'M',            0,					'LOC_GREAT_PERSON_HONEY_MACGUFFIN_ACTION'),
	   ('GREAT_PERSON_HONEY_MACGUFFIN_PASSIVE_BUILDING_BONUS_HARBOR_TIER3_GP', 'LOC_GREAT_PERSON_HONEY_MACGUFFIN_GP_NAME',  'GREAT_PERSON_HONEY_MACGUFFIN_GP' ,     'HONEY_MACGUFFIN_DUMMY_ERA',        'M',            0,					'LOC_GREAT_PERSON_HONEY_MACGUFFIN_ACTION'),
	   
	   ('GREAT_PERSON_HONEY_MACGUFFIN_PASSIVE_BUILDING_BONUS_PRODUCTION_GP', 'LOC_GREAT_PERSON_HONEY_MACGUFFIN_GP_NAME',  'GREAT_PERSON_HONEY_MACGUFFIN_GP' ,     'HONEY_MACGUFFIN_DUMMY_ERA',        'M',            0,					'LOC_GREAT_PERSON_HONEY_MACGUFFIN_ACTION'),
	   ('GREAT_PERSON_HONEY_MACGUFFIN_PASSIVE_BUILDING_BONUS_PRODUCTION_TIER2_GP', 'LOC_GREAT_PERSON_HONEY_MACGUFFIN_GP_NAME',  'GREAT_PERSON_HONEY_MACGUFFIN_GP' ,     'HONEY_MACGUFFIN_DUMMY_ERA',        'M',            0,					'LOC_GREAT_PERSON_HONEY_MACGUFFIN_ACTION'),
	   ('GREAT_PERSON_HONEY_MACGUFFIN_PASSIVE_BUILDING_BONUS_PRODUCTION_TIER3_GP', 'LOC_GREAT_PERSON_HONEY_MACGUFFIN_GP_NAME',  'GREAT_PERSON_HONEY_MACGUFFIN_GP' ,     'HONEY_MACGUFFIN_DUMMY_ERA',        'M',            0,					'LOC_GREAT_PERSON_HONEY_MACGUFFIN_ACTION'),

	   ('GREAT_PERSON_HONEY_MACGUFFIN_PASSIVE_BUILDING_BONUS_MILITARY_GP', 'LOC_GREAT_PERSON_HONEY_MACGUFFIN_GP_NAME',  'GREAT_PERSON_HONEY_MACGUFFIN_GP' ,     'HONEY_MACGUFFIN_DUMMY_ERA',        'M',            0,					'LOC_GREAT_PERSON_HONEY_MACGUFFIN_ACTION'),
	   ('GREAT_PERSON_HONEY_MACGUFFIN_PASSIVE_BUILDING_BONUS_MILITARY_TIER2_GP', 'LOC_GREAT_PERSON_HONEY_MACGUFFIN_GP_NAME',  'GREAT_PERSON_HONEY_MACGUFFIN_GP' ,     'HONEY_MACGUFFIN_DUMMY_ERA',        'M',            0,					'LOC_GREAT_PERSON_HONEY_MACGUFFIN_ACTION'),
	   ('GREAT_PERSON_HONEY_MACGUFFIN_PASSIVE_BUILDING_BONUS_MILITARY_TIER3_GP', 'LOC_GREAT_PERSON_HONEY_MACGUFFIN_GP_NAME',  'GREAT_PERSON_HONEY_MACGUFFIN_GP' ,     'HONEY_MACGUFFIN_DUMMY_ERA',        'M',            0,					'LOC_GREAT_PERSON_HONEY_MACGUFFIN_ACTION');




INSERT INTO GreatWorks
		(GreatWorkType,																										 Name,									      GreatPersonIndividualType,							 GreatWorkObjectType,																			 Quote ,          Tourism )
VALUES  ('GREATWORK_GREATWORKOBJECT_HONEY_MACGUFFIN_PASSIVE_BUILDING_BONUS_SCIENCE',     'LOC_GREATWORK_GREATWORKOBJECT_HONEY_MACGUFFIN_PASSIVE_BUILDING_BONUS_SCIENCE_NAME',   'GREAT_PERSON_HONEY_MACGUFFIN_PASSIVE_BUILDING_BONUS_SCIENCE_GP',			'GREATWORKOBJECT_HONEY_MACGUFFIN_PASSIVE',										'LOC_GREATWORK_HOMER_2_QUOTE',           0 ),
		('GREATWORK_GREATWORKOBJECT_HONEY_MACGUFFIN_PASSIVE_BUILDING_BONUS_SCIENCE_TIER2',     'LOC_GREATWORK_GREATWORKOBJECT_HONEY_MACGUFFIN_PASSIVE_BUILDING_BONUS_SCIENCE_TIER2_NAME',   'GREAT_PERSON_HONEY_MACGUFFIN_PASSIVE_BUILDING_BONUS_SCIENCE_TIER2_GP',			'GREATWORKOBJECT_HONEY_MACGUFFIN_PASSIVE',										'LOC_GREATWORK_HOMER_2_QUOTE',           0 ),
		('GREATWORK_GREATWORKOBJECT_HONEY_MACGUFFIN_PASSIVE_BUILDING_BONUS_SCIENCE_TIER3',     'LOC_GREATWORK_GREATWORKOBJECT_HONEY_MACGUFFIN_PASSIVE_BUILDING_BONUS_SCIENCE_TIER3_NAME',   'GREAT_PERSON_HONEY_MACGUFFIN_PASSIVE_BUILDING_BONUS_SCIENCE_TIER3_GP',			'GREATWORKOBJECT_HONEY_MACGUFFIN_PASSIVE',										'LOC_GREATWORK_HOMER_2_QUOTE',           0 ),

		('GREATWORK_GREATWORKOBJECT_HONEY_MACGUFFIN_PASSIVE_BUILDING_BONUS_CULTURE',     'LOC_GREATWORK_GREATWORKOBJECT_HONEY_MACGUFFIN_PASSIVE_BUILDING_BONUS_CULTURE_NAME',   'GREAT_PERSON_HONEY_MACGUFFIN_PASSIVE_BUILDING_BONUS_CULTURE_GP',			'GREATWORKOBJECT_HONEY_MACGUFFIN_PASSIVE',										'LOC_GREATWORK_HOMER_2_QUOTE',           0 ),
		('GREATWORK_GREATWORKOBJECT_HONEY_MACGUFFIN_PASSIVE_BUILDING_BONUS_CULTURE_TIER2',     'LOC_GREATWORK_GREATWORKOBJECT_HONEY_MACGUFFIN_PASSIVE_BUILDING_BONUS_CULTURE_TIER2_NAME',   'GREAT_PERSON_HONEY_MACGUFFIN_PASSIVE_BUILDING_BONUS_CULTURE_TIER2_GP',			'GREATWORKOBJECT_HONEY_MACGUFFIN_PASSIVE',										'LOC_GREATWORK_HOMER_2_QUOTE',           0 ),
		('GREATWORK_GREATWORKOBJECT_HONEY_MACGUFFIN_PASSIVE_BUILDING_BONUS_CULTURE_TIER3',     'LOC_GREATWORK_GREATWORKOBJECT_HONEY_MACGUFFIN_PASSIVE_BUILDING_BONUS_CULTURE_TIER3_NAME',   'GREAT_PERSON_HONEY_MACGUFFIN_PASSIVE_BUILDING_BONUS_CULTURE_TIER3_GP',			'GREATWORKOBJECT_HONEY_MACGUFFIN_PASSIVE',										'LOC_GREATWORK_HOMER_2_QUOTE',           0 ),
		
		('GREATWORK_GREATWORKOBJECT_HONEY_MACGUFFIN_PASSIVE_BUILDING_BONUS_GOLD',     'LOC_GREATWORK_GREATWORKOBJECT_HONEY_MACGUFFIN_PASSIVE_BUILDING_BONUS_GOLD_NAME',   'GREAT_PERSON_HONEY_MACGUFFIN_PASSIVE_BUILDING_BONUS_GOLD_GP',			'GREATWORKOBJECT_HONEY_MACGUFFIN_PASSIVE',										'LOC_GREATWORK_HOMER_2_QUOTE',           0 ),
		('GREATWORK_GREATWORKOBJECT_HONEY_MACGUFFIN_PASSIVE_BUILDING_BONUS_GOLD_TIER2',     'LOC_GREATWORK_GREATWORKOBJECT_HONEY_MACGUFFIN_PASSIVE_BUILDING_BONUS_GOLD_TIER2_NAME',   'GREAT_PERSON_HONEY_MACGUFFIN_PASSIVE_BUILDING_BONUS_GOLD_TIER2_GP',			'GREATWORKOBJECT_HONEY_MACGUFFIN_PASSIVE',										'LOC_GREATWORK_HOMER_2_QUOTE',           0 ),
		('GREATWORK_GREATWORKOBJECT_HONEY_MACGUFFIN_PASSIVE_BUILDING_BONUS_GOLD_TIER3',     'LOC_GREATWORK_GREATWORKOBJECT_HONEY_MACGUFFIN_PASSIVE_BUILDING_BONUS_GOLD_TIER3_NAME',   'GREAT_PERSON_HONEY_MACGUFFIN_PASSIVE_BUILDING_BONUS_GOLD_TIER3_GP',			'GREATWORKOBJECT_HONEY_MACGUFFIN_PASSIVE',										'LOC_GREATWORK_HOMER_2_QUOTE',           0 ),

		('GREATWORK_GREATWORKOBJECT_HONEY_MACGUFFIN_PASSIVE_BUILDING_BONUS_FAITH',     'LOC_GREATWORK_GREATWORKOBJECT_HONEY_MACGUFFIN_PASSIVE_BUILDING_BONUS_FAITH_NAME',   'GREAT_PERSON_HONEY_MACGUFFIN_PASSIVE_BUILDING_BONUS_FAITH_GP',			'GREATWORKOBJECT_HONEY_MACGUFFIN_PASSIVE',										'LOC_GREATWORK_HOMER_2_QUOTE',           0 ),
		('GREATWORK_GREATWORKOBJECT_HONEY_MACGUFFIN_PASSIVE_BUILDING_BONUS_FAITH_TIER2',     'LOC_GREATWORK_GREATWORKOBJECT_HONEY_MACGUFFIN_PASSIVE_BUILDING_BONUS_FAITH_TIER2_NAME',   'GREAT_PERSON_HONEY_MACGUFFIN_PASSIVE_BUILDING_BONUS_FAITH_TIER2_GP',			'GREATWORKOBJECT_HONEY_MACGUFFIN_PASSIVE',										'LOC_GREATWORK_HOMER_2_QUOTE',           0 ),
		('GREATWORK_GREATWORKOBJECT_HONEY_MACGUFFIN_PASSIVE_BUILDING_BONUS_FAITH_TIER3',     'LOC_GREATWORK_GREATWORKOBJECT_HONEY_MACGUFFIN_PASSIVE_BUILDING_BONUS_FAITH_TIER3_NAME',   'GREAT_PERSON_HONEY_MACGUFFIN_PASSIVE_BUILDING_BONUS_FAITH_TIER3_GP',			'GREATWORKOBJECT_HONEY_MACGUFFIN_PASSIVE',										'LOC_GREATWORK_HOMER_2_QUOTE',           0 ),

		('GREATWORK_GREATWORKOBJECT_HONEY_MACGUFFIN_PASSIVE_BUILDING_BONUS_HARBOR',     'LOC_GREATWORK_GREATWORKOBJECT_HONEY_MACGUFFIN_PASSIVE_BUILDING_BONUS_HARBOR_NAME',   'GREAT_PERSON_HONEY_MACGUFFIN_PASSIVE_BUILDING_BONUS_HARBOR_GP',			'GREATWORKOBJECT_HONEY_MACGUFFIN_PASSIVE',										'LOC_GREATWORK_HOMER_2_QUOTE',           0 ),
		('GREATWORK_GREATWORKOBJECT_HONEY_MACGUFFIN_PASSIVE_BUILDING_BONUS_HARBOR_TIER2',     'LOC_GREATWORK_GREATWORKOBJECT_HONEY_MACGUFFIN_PASSIVE_BUILDING_BONUS_HARBOR_TIER2_NAME',   'GREAT_PERSON_HONEY_MACGUFFIN_PASSIVE_BUILDING_BONUS_HARBOR_TIER2_GP',			'GREATWORKOBJECT_HONEY_MACGUFFIN_PASSIVE',										'LOC_GREATWORK_HOMER_2_QUOTE',           0 ),
		('GREATWORK_GREATWORKOBJECT_HONEY_MACGUFFIN_PASSIVE_BUILDING_BONUS_HARBOR_TIER3',     'LOC_GREATWORK_GREATWORKOBJECT_HONEY_MACGUFFIN_PASSIVE_BUILDING_BONUS_HARBOR_TIER3_NAME',   'GREAT_PERSON_HONEY_MACGUFFIN_PASSIVE_BUILDING_BONUS_HARBOR_TIER3_GP',			'GREATWORKOBJECT_HONEY_MACGUFFIN_PASSIVE',										'LOC_GREATWORK_HOMER_2_QUOTE',           0 ),
		
		('GREATWORK_GREATWORKOBJECT_HONEY_MACGUFFIN_PASSIVE_BUILDING_BONUS_PRODUCTION',     'LOC_GREATWORK_GREATWORKOBJECT_HONEY_MACGUFFIN_PASSIVE_BUILDING_BONUS_PRODUCTION_NAME',   'GREAT_PERSON_HONEY_MACGUFFIN_PASSIVE_BUILDING_BONUS_PRODUCTION_GP',			'GREATWORKOBJECT_HONEY_MACGUFFIN_PASSIVE',										'LOC_GREATWORK_HOMER_2_QUOTE',           0 ),
		('GREATWORK_GREATWORKOBJECT_HONEY_MACGUFFIN_PASSIVE_BUILDING_BONUS_PRODUCTION_TIER2',     'LOC_GREATWORK_GREATWORKOBJECT_HONEY_MACGUFFIN_PASSIVE_BUILDING_BONUS_PRODUCTION_TIER2_NAME',   'GREAT_PERSON_HONEY_MACGUFFIN_PASSIVE_BUILDING_BONUS_PRODUCTION_TIER2_GP',			'GREATWORKOBJECT_HONEY_MACGUFFIN_PASSIVE',										'LOC_GREATWORK_HOMER_2_QUOTE',           0 ),
		('GREATWORK_GREATWORKOBJECT_HONEY_MACGUFFIN_PASSIVE_BUILDING_BONUS_PRODUCTION_TIER3',     'LOC_GREATWORK_GREATWORKOBJECT_HONEY_MACGUFFIN_PASSIVE_BUILDING_BONUS_PRODUCTION_TIER3_NAME',   'GREAT_PERSON_HONEY_MACGUFFIN_PASSIVE_BUILDING_BONUS_PRODUCTION_TIER3_GP',			'GREATWORKOBJECT_HONEY_MACGUFFIN_PASSIVE',										'LOC_GREATWORK_HOMER_2_QUOTE',           0 ),

		('GREATWORK_GREATWORKOBJECT_HONEY_MACGUFFIN_PASSIVE_BUILDING_BONUS_MILITARY',     'LOC_GREATWORK_GREATWORKOBJECT_HONEY_MACGUFFIN_PASSIVE_BUILDING_BONUS_MILITARY_NAME',   'GREAT_PERSON_HONEY_MACGUFFIN_PASSIVE_BUILDING_BONUS_MILITARY_GP',			'GREATWORKOBJECT_HONEY_MACGUFFIN_PASSIVE',										'LOC_GREATWORK_HOMER_2_QUOTE',           0 ),
		('GREATWORK_GREATWORKOBJECT_HONEY_MACGUFFIN_PASSIVE_BUILDING_BONUS_MILITARY_TIER2',     'LOC_GREATWORK_GREATWORKOBJECT_HONEY_MACGUFFIN_PASSIVE_BUILDING_BONUS_MILITARY_TIER2_NAME',   'GREAT_PERSON_HONEY_MACGUFFIN_PASSIVE_BUILDING_BONUS_MILITARY_TIER2_GP',			'GREATWORKOBJECT_HONEY_MACGUFFIN_PASSIVE',										'LOC_GREATWORK_HOMER_2_QUOTE',           0 ),
		('GREATWORK_GREATWORKOBJECT_HONEY_MACGUFFIN_PASSIVE_BUILDING_BONUS_MILITARY_TIER3',     'LOC_GREATWORK_GREATWORKOBJECT_HONEY_MACGUFFIN_PASSIVE_BUILDING_BONUS_MILITARY_TIER3_NAME',   'GREAT_PERSON_HONEY_MACGUFFIN_PASSIVE_BUILDING_BONUS_MILITARY_TIER3_GP',			'GREATWORKOBJECT_HONEY_MACGUFFIN_PASSIVE',										'LOC_GREATWORK_HOMER_2_QUOTE',           0 );










INSERT INTO Buildings
		(BuildingType,															Name,																Description,									 PrereqDistrict,			 AdvisorType, Cost, InternalOnly)
VALUES  ('BUILDING_HONEY_MACGUFFIN_HOLDER_PASSIVE_BUILDING_BONUS_SCIENCE', 'LOC_GREATWORK_GREATWORKOBJECT_HONEY_MACGUFFIN_PASSIVE_BUILDING_BONUS_SCIENCE_NAME', 'LOC_BUILDING_HONEY_MACGUFFIN_HOLDER_PASSIVE_BUILDING_BONUS_SCIENCE_DESC',    'DISTRICT_CITY_CENTER',      'ADVISOR_GENERIC', 200, 1),
		('BUILDING_HONEY_MACGUFFIN_HOLDER_PASSIVE_BUILDING_BONUS_SCIENCE_TIER2', 'LOC_GREATWORK_GREATWORKOBJECT_HONEY_MACGUFFIN_PASSIVE_BUILDING_BONUS_SCIENCE_TIER2_NAME', 'LOC_BUILDING_HONEY_MACGUFFIN_HOLDER_PASSIVE_BUILDING_BONUS_SCIENCE_TIER2_DESC',    'DISTRICT_CITY_CENTER',      'ADVISOR_GENERIC', 200, 1),
		('BUILDING_HONEY_MACGUFFIN_HOLDER_PASSIVE_BUILDING_BONUS_SCIENCE_TIER3', 'LOC_GREATWORK_GREATWORKOBJECT_HONEY_MACGUFFIN_PASSIVE_BUILDING_BONUS_SCIENCE_TIER3_NAME', 'LOC_BUILDING_HONEY_MACGUFFIN_HOLDER_PASSIVE_BUILDING_BONUS_SCIENCE_TIER3_DESC',    'DISTRICT_CITY_CENTER',      'ADVISOR_GENERIC', 200, 1), 

		('BUILDING_HONEY_MACGUFFIN_HOLDER_PASSIVE_BUILDING_BONUS_CULTURE', 'LOC_GREATWORK_GREATWORKOBJECT_HONEY_MACGUFFIN_PASSIVE_BUILDING_BONUS_CULTURE_NAME', 'LOC_BUILDING_HONEY_MACGUFFIN_HOLDER_PASSIVE_BUILDING_BONUS_CULTURE_DESC',    'DISTRICT_CITY_CENTER',      'ADVISOR_GENERIC', 200, 1),
		('BUILDING_HONEY_MACGUFFIN_HOLDER_PASSIVE_BUILDING_BONUS_CULTURE_TIER2', 'LOC_GREATWORK_GREATWORKOBJECT_HONEY_MACGUFFIN_PASSIVE_BUILDING_BONUS_CULTURE_TIER2_NAME', 'LOC_BUILDING_HONEY_MACGUFFIN_HOLDER_PASSIVE_BUILDING_BONUS_CULTURE_TIER2_DESC',    'DISTRICT_CITY_CENTER',      'ADVISOR_GENERIC', 200, 1),
		('BUILDING_HONEY_MACGUFFIN_HOLDER_PASSIVE_BUILDING_BONUS_CULTURE_TIER3', 'LOC_GREATWORK_GREATWORKOBJECT_HONEY_MACGUFFIN_PASSIVE_BUILDING_BONUS_CULTURE_TIER3_NAME', 'LOC_BUILDING_HONEY_MACGUFFIN_HOLDER_PASSIVE_BUILDING_BONUS_CULTURE_TIER3_DESC',    'DISTRICT_CITY_CENTER',      'ADVISOR_GENERIC', 200, 1),
		
		('BUILDING_HONEY_MACGUFFIN_HOLDER_PASSIVE_BUILDING_BONUS_GOLD', 'LOC_GREATWORK_GREATWORKOBJECT_HONEY_MACGUFFIN_PASSIVE_BUILDING_BONUS_GOLD_NAME', 'LOC_BUILDING_HONEY_MACGUFFIN_HOLDER_PASSIVE_BUILDING_BONUS_GOLD_DESC',    'DISTRICT_CITY_CENTER',      'ADVISOR_GENERIC', 200, 1),
		('BUILDING_HONEY_MACGUFFIN_HOLDER_PASSIVE_BUILDING_BONUS_GOLD_TIER2', 'LOC_GREATWORK_GREATWORKOBJECT_HONEY_MACGUFFIN_PASSIVE_BUILDING_BONUS_GOLD_TIER2_NAME', 'LOC_BUILDING_HONEY_MACGUFFIN_HOLDER_PASSIVE_BUILDING_BONUS_GOLD_TIER2_DESC',    'DISTRICT_CITY_CENTER',      'ADVISOR_GENERIC', 200, 1),
		('BUILDING_HONEY_MACGUFFIN_HOLDER_PASSIVE_BUILDING_BONUS_GOLD_TIER3', 'LOC_GREATWORK_GREATWORKOBJECT_HONEY_MACGUFFIN_PASSIVE_BUILDING_BONUS_GOLD_TIER3_NAME', 'LOC_BUILDING_HONEY_MACGUFFIN_HOLDER_PASSIVE_BUILDING_BONUS_GOLD_TIER3_DESC',    'DISTRICT_CITY_CENTER',      'ADVISOR_GENERIC', 200, 1),
		
		('BUILDING_HONEY_MACGUFFIN_HOLDER_PASSIVE_BUILDING_BONUS_FAITH', 'LOC_GREATWORK_GREATWORKOBJECT_HONEY_MACGUFFIN_PASSIVE_BUILDING_BONUS_FAITH_NAME', 'LOC_BUILDING_HONEY_MACGUFFIN_HOLDER_PASSIVE_BUILDING_BONUS_FAITH_DESC',    'DISTRICT_CITY_CENTER',      'ADVISOR_GENERIC', 200, 1),
		('BUILDING_HONEY_MACGUFFIN_HOLDER_PASSIVE_BUILDING_BONUS_FAITH_TIER2', 'LOC_GREATWORK_GREATWORKOBJECT_HONEY_MACGUFFIN_PASSIVE_BUILDING_BONUS_FAITH_TIER2_NAME', 'LOC_BUILDING_HONEY_MACGUFFIN_HOLDER_PASSIVE_BUILDING_BONUS_FAITH_TIER2_DESC',    'DISTRICT_CITY_CENTER',      'ADVISOR_GENERIC', 200, 1),
		('BUILDING_HONEY_MACGUFFIN_HOLDER_PASSIVE_BUILDING_BONUS_FAITH_TIER3', 'LOC_GREATWORK_GREATWORKOBJECT_HONEY_MACGUFFIN_PASSIVE_BUILDING_BONUS_FAITH_TIER3_NAME', 'LOC_BUILDING_HONEY_MACGUFFIN_HOLDER_PASSIVE_BUILDING_BONUS_FAITH_TIER3_DESC',    'DISTRICT_CITY_CENTER',      'ADVISOR_GENERIC', 200, 1),
		
		('BUILDING_HONEY_MACGUFFIN_HOLDER_PASSIVE_BUILDING_BONUS_HARBOR', 'LOC_GREATWORK_GREATWORKOBJECT_HONEY_MACGUFFIN_PASSIVE_BUILDING_BONUS_HARBOR_NAME', 'LOC_BUILDING_HONEY_MACGUFFIN_HOLDER_PASSIVE_BUILDING_BONUS_HARBOR_DESC',    'DISTRICT_CITY_CENTER',      'ADVISOR_GENERIC', 200, 1),
		('BUILDING_HONEY_MACGUFFIN_HOLDER_PASSIVE_BUILDING_BONUS_HARBOR_TIER2', 'LOC_GREATWORK_GREATWORKOBJECT_HONEY_MACGUFFIN_PASSIVE_BUILDING_BONUS_HARBOR_TIER2_NAME', 'LOC_BUILDING_HONEY_MACGUFFIN_HOLDER_PASSIVE_BUILDING_BONUS_HARBOR_TIER2_DESC',    'DISTRICT_CITY_CENTER',      'ADVISOR_GENERIC', 200, 1),
		('BUILDING_HONEY_MACGUFFIN_HOLDER_PASSIVE_BUILDING_BONUS_HARBOR_TIER3', 'LOC_GREATWORK_GREATWORKOBJECT_HONEY_MACGUFFIN_PASSIVE_BUILDING_BONUS_HARBOR_TIER3_NAME', 'LOC_BUILDING_HONEY_MACGUFFIN_HOLDER_PASSIVE_BUILDING_BONUS_HARBOR_TIER3_DESC',    'DISTRICT_CITY_CENTER',      'ADVISOR_GENERIC', 200, 1),
		
		('BUILDING_HONEY_MACGUFFIN_HOLDER_PASSIVE_BUILDING_BONUS_PRODUCTION', 'LOC_GREATWORK_GREATWORKOBJECT_HONEY_MACGUFFIN_PASSIVE_BUILDING_BONUS_PRODUCTION_NAME', 'LOC_BUILDING_HONEY_MACGUFFIN_HOLDER_PASSIVE_BUILDING_BONUS_PRODUCTION_DESC',    'DISTRICT_CITY_CENTER',      'ADVISOR_GENERIC', 200, 1),
		('BUILDING_HONEY_MACGUFFIN_HOLDER_PASSIVE_BUILDING_BONUS_PRODUCTION_TIER2', 'LOC_GREATWORK_GREATWORKOBJECT_HONEY_MACGUFFIN_PASSIVE_BUILDING_BONUS_PRODUCTION_TIER2_NAME', 'LOC_BUILDING_HONEY_MACGUFFIN_HOLDER_PASSIVE_BUILDING_BONUS_PRODUCTION_TIER2_DESC',    'DISTRICT_CITY_CENTER',      'ADVISOR_GENERIC', 200, 1),
		('BUILDING_HONEY_MACGUFFIN_HOLDER_PASSIVE_BUILDING_BONUS_PRODUCTION_TIER3', 'LOC_GREATWORK_GREATWORKOBJECT_HONEY_MACGUFFIN_PASSIVE_BUILDING_BONUS_PRODUCTION_TIER3_NAME', 'LOC_BUILDING_HONEY_MACGUFFIN_HOLDER_PASSIVE_BUILDING_BONUS_PRODUCTION_TIER3_DESC',    'DISTRICT_CITY_CENTER',      'ADVISOR_GENERIC', 200, 1),

		('BUILDING_HONEY_MACGUFFIN_HOLDER_PASSIVE_BUILDING_BONUS_MILITARY', 'LOC_GREATWORK_GREATWORKOBJECT_HONEY_MACGUFFIN_PASSIVE_BUILDING_BONUS_MILITARY_NAME', 'LOC_BUILDING_HONEY_MACGUFFIN_HOLDER_PASSIVE_BUILDING_BONUS_MILITARY_DESC',    'DISTRICT_CITY_CENTER',      'ADVISOR_GENERIC', 200, 1),
		('BUILDING_HONEY_MACGUFFIN_HOLDER_PASSIVE_BUILDING_BONUS_MILITARY_TIER2', 'LOC_GREATWORK_GREATWORKOBJECT_HONEY_MACGUFFIN_PASSIVE_BUILDING_BONUS_MILITARY_TIER2_NAME', 'LOC_BUILDING_HONEY_MACGUFFIN_HOLDER_PASSIVE_BUILDING_BONUS_MILITARY_TIER2_DESC',    'DISTRICT_CITY_CENTER',      'ADVISOR_GENERIC', 200, 1),
		('BUILDING_HONEY_MACGUFFIN_HOLDER_PASSIVE_BUILDING_BONUS_MILITARY_TIER3', 'LOC_GREATWORK_GREATWORKOBJECT_HONEY_MACGUFFIN_PASSIVE_BUILDING_BONUS_MILITARY_TIER3_NAME', 'LOC_BUILDING_HONEY_MACGUFFIN_HOLDER_PASSIVE_BUILDING_BONUS_MILITARY_TIER3_DESC',    'DISTRICT_CITY_CENTER',      'ADVISOR_GENERIC', 200, 1);





INSERT INTO Modifiers
		(ModifierId, ModifierType )
VALUES  ('HONEY_MACGUFFIN_PASSIVE_BUILDING_BONUS_LIBRARY', 'MODIFIER_PLAYER_CITIES_ADJUST_BUILDING_YIELD_CHANGE'),
		('HONEY_MACGUFFIN_PASSIVE_BUILDING_BONUS_UNIVERSITY', 'MODIFIER_PLAYER_CITIES_ADJUST_BUILDING_YIELD_CHANGE'),
		('HONEY_MACGUFFIN_PASSIVE_BUILDING_BONUS_RESEARCH_LAB', 'MODIFIER_PLAYER_CITIES_ADJUST_BUILDING_YIELD_CHANGE'),

		('HONEY_MACGUFFIN_PASSIVE_BUILDING_BONUS_AMPITHEATRE', 'MODIFIER_PLAYER_CITIES_ADJUST_BUILDING_YIELD_CHANGE'),
		('HONEY_MACGUFFIN_PASSIVE_BUILDING_BONUS_MUSEUM_ART', 'MODIFIER_PLAYER_CITIES_ADJUST_BUILDING_YIELD_CHANGE'),
		('HONEY_MACGUFFIN_PASSIVE_BUILDING_BONUS_MUSEUM_ARTIFACT', 'MODIFIER_PLAYER_CITIES_ADJUST_BUILDING_YIELD_CHANGE'),
		('HONEY_MACGUFFIN_PASSIVE_BUILDING_BONUS_BROADCAST_CENTER', 'MODIFIER_PLAYER_CITIES_ADJUST_BUILDING_YIELD_CHANGE'),

		('HONEY_MACGUFFIN_PASSIVE_BUILDING_BONUS_MARKET', 'MODIFIER_PLAYER_CITIES_ADJUST_BUILDING_YIELD_CHANGE'),
		('HONEY_MACGUFFIN_PASSIVE_BUILDING_BONUS_BANK', 'MODIFIER_PLAYER_CITIES_ADJUST_BUILDING_YIELD_CHANGE'),
		('HONEY_MACGUFFIN_PASSIVE_BUILDING_BONUS_STOCK_EXCHANGE', 'MODIFIER_PLAYER_CITIES_ADJUST_BUILDING_YIELD_CHANGE'),

		('HONEY_MACGUFFIN_PASSIVE_BUILDING_BONUS_WORKSHOP', 'MODIFIER_PLAYER_CITIES_ADJUST_BUILDING_YIELD_CHANGE'),
		('HONEY_MACGUFFIN_PASSIVE_BUILDING_BONUS_FACTORY', 'MODIFIER_PLAYER_CITIES_ADJUST_BUILDING_YIELD_CHANGE'),
		('HONEY_MACGUFFIN_PASSIVE_BUILDING_BONUS_POWER_PLANT', 'MODIFIER_PLAYER_CITIES_ADJUST_BUILDING_YIELD_CHANGE'),
		('HONEY_MACGUFFIN_PASSIVE_BUILDING_BONUS_COAL_POWER_PLANT', 'MODIFIER_PLAYER_CITIES_ADJUST_BUILDING_YIELD_CHANGE'),
		('HONEY_MACGUFFIN_PASSIVE_BUILDING_BONUS_FOSSIL_FUEL_POWER_PLANT', 'MODIFIER_PLAYER_CITIES_ADJUST_BUILDING_YIELD_CHANGE'),

		('HONEY_MACGUFFIN_PASSIVE_BUILDING_BONUS_BARRACKS', 'MODIFIER_PLAYER_CITIES_ADJUST_BUILDING_YIELD_CHANGE'),
		('HONEY_MACGUFFIN_PASSIVE_BUILDING_BONUS_ARMORY', 'MODIFIER_PLAYER_CITIES_ADJUST_BUILDING_YIELD_CHANGE'),
		('HONEY_MACGUFFIN_PASSIVE_BUILDING_BONUS_MILITARY_ACADEMY', 'MODIFIER_PLAYER_CITIES_ADJUST_BUILDING_YIELD_CHANGE'),

		('HONEY_MACGUFFIN_PASSIVE_BUILDING_BONUS_LIGHTHOUSE', 'MODIFIER_PLAYER_CITIES_ADJUST_BUILDING_YIELD_CHANGE'),
		('HONEY_MACGUFFIN_PASSIVE_BUILDING_BONUS_SHIPYARD', 'MODIFIER_PLAYER_CITIES_ADJUST_BUILDING_YIELD_CHANGE'),
		('HONEY_MACGUFFIN_PASSIVE_BUILDING_BONUS_SEAPORT', 'MODIFIER_PLAYER_CITIES_ADJUST_BUILDING_YIELD_CHANGE'),

		('HONEY_MACGUFFIN_PASSIVE_BUILDING_BONUS_SHRINE', 'MODIFIER_PLAYER_CITIES_ADJUST_BUILDING_YIELD_CHANGE'),
		('HONEY_MACGUFFIN_PASSIVE_BUILDING_BONUS_TEMPLE', 'MODIFIER_PLAYER_CITIES_ADJUST_BUILDING_YIELD_CHANGE'),
		('HONEY_MACGUFFIN_PASSIVE_BUILDING_BONUS_CATHEDRAL', 'MODIFIER_PLAYER_CITIES_ADJUST_BUILDING_YIELD_CHANGE'),
		('HONEY_MACGUFFIN_PASSIVE_BUILDING_BONUS_DAR_E_MEHR', 'MODIFIER_PLAYER_CITIES_ADJUST_BUILDING_YIELD_CHANGE'),
		('HONEY_MACGUFFIN_PASSIVE_BUILDING_BONUS_GURDWARA', 'MODIFIER_PLAYER_CITIES_ADJUST_BUILDING_YIELD_CHANGE'),
		('HONEY_MACGUFFIN_PASSIVE_BUILDING_BONUS_MEETING_HOUSE', 'MODIFIER_PLAYER_CITIES_ADJUST_BUILDING_YIELD_CHANGE'),
		('HONEY_MACGUFFIN_PASSIVE_BUILDING_BONUS_MOSQUE', 'MODIFIER_PLAYER_CITIES_ADJUST_BUILDING_YIELD_CHANGE'),
		('HONEY_MACGUFFIN_PASSIVE_BUILDING_BONUS_PAGODA', 'MODIFIER_PLAYER_CITIES_ADJUST_BUILDING_YIELD_CHANGE'),
		('HONEY_MACGUFFIN_PASSIVE_BUILDING_BONUS_STUPA', 'MODIFIER_PLAYER_CITIES_ADJUST_BUILDING_YIELD_CHANGE'),
		('HONEY_MACGUFFIN_PASSIVE_BUILDING_BONUS_SYNAGOGUE', 'MODIFIER_PLAYER_CITIES_ADJUST_BUILDING_YIELD_CHANGE'),
		('HONEY_MACGUFFIN_PASSIVE_BUILDING_BONUS_WAT', 'MODIFIER_PLAYER_CITIES_ADJUST_BUILDING_YIELD_CHANGE');


INSERT INTO BuildingModifiers
		(BuildingType,											 ModifierId)
VALUES  ('BUILDING_HONEY_MACGUFFIN_HOLDER_PASSIVE_BUILDING_BONUS_SCIENCE', 'HONEY_MACGUFFIN_PASSIVE_BUILDING_BONUS_LIBRARY'),
		('BUILDING_HONEY_MACGUFFIN_HOLDER_PASSIVE_BUILDING_BONUS_SCIENCE_TIER2', 'HONEY_MACGUFFIN_PASSIVE_BUILDING_BONUS_LIBRARY'),
		('BUILDING_HONEY_MACGUFFIN_HOLDER_PASSIVE_BUILDING_BONUS_SCIENCE_TIER2', 'HONEY_MACGUFFIN_PASSIVE_BUILDING_BONUS_UNIVERSITY'),
		('BUILDING_HONEY_MACGUFFIN_HOLDER_PASSIVE_BUILDING_BONUS_SCIENCE_TIER3', 'HONEY_MACGUFFIN_PASSIVE_BUILDING_BONUS_LIBRARY'),
		('BUILDING_HONEY_MACGUFFIN_HOLDER_PASSIVE_BUILDING_BONUS_SCIENCE_TIER3', 'HONEY_MACGUFFIN_PASSIVE_BUILDING_BONUS_UNIVERSITY'),
		('BUILDING_HONEY_MACGUFFIN_HOLDER_PASSIVE_BUILDING_BONUS_SCIENCE_TIER3', 'HONEY_MACGUFFIN_PASSIVE_BUILDING_BONUS_RESEARCH_LAB'),

		('BUILDING_HONEY_MACGUFFIN_HOLDER_PASSIVE_BUILDING_BONUS_CULTURE', 'HONEY_MACGUFFIN_PASSIVE_BUILDING_BONUS_AMPITHEATRE'),
		('BUILDING_HONEY_MACGUFFIN_HOLDER_PASSIVE_BUILDING_BONUS_CULTURE_TIER2', 'HONEY_MACGUFFIN_PASSIVE_BUILDING_BONUS_AMPITHEATRE'),
		('BUILDING_HONEY_MACGUFFIN_HOLDER_PASSIVE_BUILDING_BONUS_CULTURE_TIER2', 'HONEY_MACGUFFIN_PASSIVE_BUILDING_BONUS_MUSEUM_ART'),
		('BUILDING_HONEY_MACGUFFIN_HOLDER_PASSIVE_BUILDING_BONUS_CULTURE_TIER2', 'HONEY_MACGUFFIN_PASSIVE_BUILDING_BONUS_MUSEUM_ARTIFACT'),
		('BUILDING_HONEY_MACGUFFIN_HOLDER_PASSIVE_BUILDING_BONUS_CULTURE_TIER3', 'HONEY_MACGUFFIN_PASSIVE_BUILDING_BONUS_AMPITHEATRE'),
		('BUILDING_HONEY_MACGUFFIN_HOLDER_PASSIVE_BUILDING_BONUS_CULTURE_TIER3', 'HONEY_MACGUFFIN_PASSIVE_BUILDING_BONUS_MUSEUM_ARTIFACT'),
		('BUILDING_HONEY_MACGUFFIN_HOLDER_PASSIVE_BUILDING_BONUS_CULTURE_TIER3', 'HONEY_MACGUFFIN_PASSIVE_BUILDING_BONUS_BROADCAST_CENTER'),

		('BUILDING_HONEY_MACGUFFIN_HOLDER_PASSIVE_BUILDING_BONUS_GOLD', 'HONEY_MACGUFFIN_PASSIVE_BUILDING_BONUS_MARKET'),
		('BUILDING_HONEY_MACGUFFIN_HOLDER_PASSIVE_BUILDING_BONUS_GOLD_TIER2', 'HONEY_MACGUFFIN_PASSIVE_BUILDING_BONUS_MARKET'),
		('BUILDING_HONEY_MACGUFFIN_HOLDER_PASSIVE_BUILDING_BONUS_GOLD_TIER2', 'HONEY_MACGUFFIN_PASSIVE_BUILDING_BONUS_BANK'),
		('BUILDING_HONEY_MACGUFFIN_HOLDER_PASSIVE_BUILDING_BONUS_GOLD_TIER3', 'HONEY_MACGUFFIN_PASSIVE_BUILDING_BONUS_MARKET'),
		('BUILDING_HONEY_MACGUFFIN_HOLDER_PASSIVE_BUILDING_BONUS_GOLD_TIER3', 'HONEY_MACGUFFIN_PASSIVE_BUILDING_BONUS_BANK'),
		('BUILDING_HONEY_MACGUFFIN_HOLDER_PASSIVE_BUILDING_BONUS_GOLD_TIER3', 'HONEY_MACGUFFIN_PASSIVE_BUILDING_BONUS_STOCK_EXCHANGE'),

		('BUILDING_HONEY_MACGUFFIN_HOLDER_PASSIVE_BUILDING_BONUS_FAITH', 'HONEY_MACGUFFIN_PASSIVE_BUILDING_BONUS_SHRINE'),
		('BUILDING_HONEY_MACGUFFIN_HOLDER_PASSIVE_BUILDING_BONUS_FAITH_TIER2', 'HONEY_MACGUFFIN_PASSIVE_BUILDING_BONUS_SHRINE'),
		('BUILDING_HONEY_MACGUFFIN_HOLDER_PASSIVE_BUILDING_BONUS_FAITH_TIER2', 'HONEY_MACGUFFIN_PASSIVE_BUILDING_BONUS_TEMPLE'),
		('BUILDING_HONEY_MACGUFFIN_HOLDER_PASSIVE_BUILDING_BONUS_FAITH_TIER3', 'HONEY_MACGUFFIN_PASSIVE_BUILDING_BONUS_SHRINE'),
		('BUILDING_HONEY_MACGUFFIN_HOLDER_PASSIVE_BUILDING_BONUS_FAITH_TIER3', 'HONEY_MACGUFFIN_PASSIVE_BUILDING_BONUS_TEMPLE'),
		('BUILDING_HONEY_MACGUFFIN_HOLDER_PASSIVE_BUILDING_BONUS_FAITH_TIER3', 'HONEY_MACGUFFIN_PASSIVE_BUILDING_BONUS_CATHEDRAL'),
		('BUILDING_HONEY_MACGUFFIN_HOLDER_PASSIVE_BUILDING_BONUS_FAITH_TIER3', 'HONEY_MACGUFFIN_PASSIVE_BUILDING_BONUS_DAR_E_MEHR'),
		('BUILDING_HONEY_MACGUFFIN_HOLDER_PASSIVE_BUILDING_BONUS_FAITH_TIER3', 'HONEY_MACGUFFIN_PASSIVE_BUILDING_BONUS_GURDWARA'),
		('BUILDING_HONEY_MACGUFFIN_HOLDER_PASSIVE_BUILDING_BONUS_FAITH_TIER3', 'HONEY_MACGUFFIN_PASSIVE_BUILDING_BONUS_MEETING_HOUSE'),
		('BUILDING_HONEY_MACGUFFIN_HOLDER_PASSIVE_BUILDING_BONUS_FAITH_TIER3', 'HONEY_MACGUFFIN_PASSIVE_BUILDING_BONUS_MOSQUE'),
		('BUILDING_HONEY_MACGUFFIN_HOLDER_PASSIVE_BUILDING_BONUS_FAITH_TIER3', 'HONEY_MACGUFFIN_PASSIVE_BUILDING_BONUS_PAGODA'),
		('BUILDING_HONEY_MACGUFFIN_HOLDER_PASSIVE_BUILDING_BONUS_FAITH_TIER3', 'HONEY_MACGUFFIN_PASSIVE_BUILDING_BONUS_STUPA'),
		('BUILDING_HONEY_MACGUFFIN_HOLDER_PASSIVE_BUILDING_BONUS_FAITH_TIER3', 'HONEY_MACGUFFIN_PASSIVE_BUILDING_BONUS_SYNAGOGUE'),
		('BUILDING_HONEY_MACGUFFIN_HOLDER_PASSIVE_BUILDING_BONUS_FAITH_TIER3', 'HONEY_MACGUFFIN_PASSIVE_BUILDING_BONUS_WAT'),


		('BUILDING_HONEY_MACGUFFIN_HOLDER_PASSIVE_BUILDING_BONUS_PRODUCTION', 'HONEY_MACGUFFIN_PASSIVE_BUILDING_BONUS_WORKSHOP'),
		('BUILDING_HONEY_MACGUFFIN_HOLDER_PASSIVE_BUILDING_BONUS_PRODUCTION_TIER2', 'HONEY_MACGUFFIN_PASSIVE_BUILDING_BONUS_WORKSHOP'),
		('BUILDING_HONEY_MACGUFFIN_HOLDER_PASSIVE_BUILDING_BONUS_PRODUCTION_TIER2', 'HONEY_MACGUFFIN_PASSIVE_BUILDING_BONUS_FACTORY'),
		('BUILDING_HONEY_MACGUFFIN_HOLDER_PASSIVE_BUILDING_BONUS_PRODUCTION_TIER3', 'HONEY_MACGUFFIN_PASSIVE_BUILDING_BONUS_WORKSHOP'),
		('BUILDING_HONEY_MACGUFFIN_HOLDER_PASSIVE_BUILDING_BONUS_PRODUCTION_TIER3', 'HONEY_MACGUFFIN_PASSIVE_BUILDING_BONUS_FACTORY'),
		('BUILDING_HONEY_MACGUFFIN_HOLDER_PASSIVE_BUILDING_BONUS_PRODUCTION_TIER3', 'HONEY_MACGUFFIN_PASSIVE_BUILDING_BONUS_POWER_PLANT'),
		('BUILDING_HONEY_MACGUFFIN_HOLDER_PASSIVE_BUILDING_BONUS_PRODUCTION_TIER3', 'HONEY_MACGUFFIN_PASSIVE_BUILDING_BONUS_COAL_POWER_PLANT'),
		('BUILDING_HONEY_MACGUFFIN_HOLDER_PASSIVE_BUILDING_BONUS_PRODUCTION_TIER3', 'HONEY_MACGUFFIN_PASSIVE_BUILDING_BONUS_FOSSIL_FUEL_POWER_PLANT'),

		('BUILDING_HONEY_MACGUFFIN_HOLDER_PASSIVE_BUILDING_BONUS_HARBOR', 'HONEY_MACGUFFIN_PASSIVE_BUILDING_BONUS_HARBOR'),
		('BUILDING_HONEY_MACGUFFIN_HOLDER_PASSIVE_BUILDING_BONUS_HARBOR_TIER2', 'HONEY_MACGUFFIN_PASSIVE_BUILDING_BONUS_HARBOR'),
		('BUILDING_HONEY_MACGUFFIN_HOLDER_PASSIVE_BUILDING_BONUS_HARBOR_TIER2', 'HONEY_MACGUFFIN_PASSIVE_BUILDING_BONUS_SHIPYARD'),
		('BUILDING_HONEY_MACGUFFIN_HOLDER_PASSIVE_BUILDING_BONUS_HARBOR_TIER3', 'HONEY_MACGUFFIN_PASSIVE_BUILDING_BONUS_HARBOR'),
		('BUILDING_HONEY_MACGUFFIN_HOLDER_PASSIVE_BUILDING_BONUS_HARBOR_TIER3', 'HONEY_MACGUFFIN_PASSIVE_BUILDING_BONUS_SHIPYARD'),
		('BUILDING_HONEY_MACGUFFIN_HOLDER_PASSIVE_BUILDING_BONUS_HARBOR_TIER3', 'HONEY_MACGUFFIN_PASSIVE_BUILDING_BONUS_SEAPORT'),

		('BUILDING_HONEY_MACGUFFIN_HOLDER_PASSIVE_BUILDING_BONUS_SCIENCE', 'HONEY_MACGUFFIN_PASSIVE_BUILDING_BONUS_LIBRARY'),
		('BUILDING_HONEY_MACGUFFIN_HOLDER_PASSIVE_BUILDING_BONUS_SCIENCE_TIER2', 'HONEY_MACGUFFIN_PASSIVE_BUILDING_BONUS_LIBRARY'),
		('BUILDING_HONEY_MACGUFFIN_HOLDER_PASSIVE_BUILDING_BONUS_SCIENCE_TIER2', 'HONEY_MACGUFFIN_PASSIVE_BUILDING_BONUS_UNIVERSITY'),
		('BUILDING_HONEY_MACGUFFIN_HOLDER_PASSIVE_BUILDING_BONUS_SCIENCE_TIER3', 'HONEY_MACGUFFIN_PASSIVE_BUILDING_BONUS_LIBRARY'),
		('BUILDING_HONEY_MACGUFFIN_HOLDER_PASSIVE_BUILDING_BONUS_SCIENCE_TIER3', 'HONEY_MACGUFFIN_PASSIVE_BUILDING_BONUS_UNIVERSITY'),
		('BUILDING_HONEY_MACGUFFIN_HOLDER_PASSIVE_BUILDING_BONUS_SCIENCE_TIER3', 'HONEY_MACGUFFIN_PASSIVE_BUILDING_BONUS_RESEARCH_LAB'),

		('BUILDING_HONEY_MACGUFFIN_HOLDER_PASSIVE_BUILDING_BONUS_MILITARY', 'HONEY_MACGUFFIN_PASSIVE_BUILDING_BONUS_BARRACKS'),
		('BUILDING_HONEY_MACGUFFIN_HOLDER_PASSIVE_BUILDING_BONUS_MILITARY', 'HONEY_MACGUFFIN_PASSIVE_BUILDING_BONUS_STABLE'),
		('BUILDING_HONEY_MACGUFFIN_HOLDER_PASSIVE_BUILDING_BONUS_MILITARY_TIER2', 'HONEY_MACGUFFIN_PASSIVE_BUILDING_BONUS_BARRACKS'),
		('BUILDING_HONEY_MACGUFFIN_HOLDER_PASSIVE_BUILDING_BONUS_MILITARY_TIER2', 'HONEY_MACGUFFIN_PASSIVE_BUILDING_BONUS_STABLE'),
		('BUILDING_HONEY_MACGUFFIN_HOLDER_PASSIVE_BUILDING_BONUS_MILITARY_TIER2', 'HONEY_MACGUFFIN_PASSIVE_BUILDING_BONUS_ARMORY'),
		('BUILDING_HONEY_MACGUFFIN_HOLDER_PASSIVE_BUILDING_BONUS_MILITARY_TIER3', 'HONEY_MACGUFFIN_PASSIVE_BUILDING_BONUS_BARRACKS'),
		('BUILDING_HONEY_MACGUFFIN_HOLDER_PASSIVE_BUILDING_BONUS_MILITARY_TIER3', 'HONEY_MACGUFFIN_PASSIVE_BUILDING_BONUS_STABLE'),
		('BUILDING_HONEY_MACGUFFIN_HOLDER_PASSIVE_BUILDING_BONUS_MILITARY_TIER3', 'HONEY_MACGUFFIN_PASSIVE_BUILDING_BONUS_ARMORY'),
		('BUILDING_HONEY_MACGUFFIN_HOLDER_PASSIVE_BUILDING_BONUS_MILITARY_TIER3', 'HONEY_MACGUFFIN_PASSIVE_BUILDING_BONUS_MILITARY_ACADEMY');
	
-- should be 123 except gold which is 246

INSERT INTO ModifierArguments
		(ModifierId,														Name,		Value)
VALUES  ('HONEY_MACGUFFIN_PASSIVE_BUILDING_BONUS_LIBRARY',  'BuildingType', 'BUILDING_LIBRARY'),
		('HONEY_MACGUFFIN_PASSIVE_BUILDING_BONUS_LIBRARY',  'YieldType', 'YIELD_SCIENCE'),
		('HONEY_MACGUFFIN_PASSIVE_BUILDING_BONUS_LIBRARY',  'Amount', '1'),
		('HONEY_MACGUFFIN_PASSIVE_BUILDING_BONUS_UNIVERSITY',  'BuildingType', 'BUILDING_UNIVERSITY'),
		('HONEY_MACGUFFIN_PASSIVE_BUILDING_BONUS_UNIVERSITY',  'YieldType', 'YIELD_SCIENCE'),
		('HONEY_MACGUFFIN_PASSIVE_BUILDING_BONUS_UNIVERSITY',  'Amount', '2'),
		('HONEY_MACGUFFIN_PASSIVE_BUILDING_BONUS_RESEARCH_LAB',  'BuildingType', 'BUILDING_RESEARCH_LAB'),
		('HONEY_MACGUFFIN_PASSIVE_BUILDING_BONUS_RESEARCH_LAB',  'YieldType', 'YIELD_SCIENCE'),
		('HONEY_MACGUFFIN_PASSIVE_BUILDING_BONUS_RESEARCH_LAB',  'Amount', '3'),

		('HONEY_MACGUFFIN_PASSIVE_BUILDING_BONUS_AMPITHEATRE',  'BuildingType', 'BUILDING_AMPITHEATRE'),
		('HONEY_MACGUFFIN_PASSIVE_BUILDING_BONUS_AMPITHEATRE',  'YieldType', 'YIELD_CULTURE'),
		('HONEY_MACGUFFIN_PASSIVE_BUILDING_BONUS_AMPITHEATRE',  'Amount', '1'),
		('HONEY_MACGUFFIN_PASSIVE_BUILDING_BONUS_MUSEUM_ART',  'BuildingType', 'BUILDING_MUSEUM_ART'),
		('HONEY_MACGUFFIN_PASSIVE_BUILDING_BONUS_MUSEUM_ART',  'YieldType', 'YIELD_CULTURE'),
		('HONEY_MACGUFFIN_PASSIVE_BUILDING_BONUS_MUSEUM_ART',  'Amount', '2'),
		('HONEY_MACGUFFIN_PASSIVE_BUILDING_BONUS_MUSEUM_ARTIFACT',  'BuildingType', 'BUILDING_MUSEUM_ARTIFACT'),
		('HONEY_MACGUFFIN_PASSIVE_BUILDING_BONUS_MUSEUM_ARTIFACT',  'YieldType', 'YIELD_CULTURE'),
		('HONEY_MACGUFFIN_PASSIVE_BUILDING_BONUS_MUSEUM_ARTIFACT',  'Amount', '2'),
		('HONEY_MACGUFFIN_PASSIVE_BUILDING_BONUS_BROADCAST_CENTER',  'BuildingType', 'BUILDING_BROADCAST_CENTER'),
		('HONEY_MACGUFFIN_PASSIVE_BUILDING_BONUS_BROADCAST_CENTER',  'YieldType', 'YIELD_CULTURE'),
		('HONEY_MACGUFFIN_PASSIVE_BUILDING_BONUS_BROADCAST_CENTER',  'Amount', '3'),

		('HONEY_MACGUFFIN_PASSIVE_BUILDING_BONUS_MARKET',  'BuildingType', 'BUILDING_MARKET'),
		('HONEY_MACGUFFIN_PASSIVE_BUILDING_BONUS_MARKET',  'YieldType', 'YIELD_GOLD'),
		('HONEY_MACGUFFIN_PASSIVE_BUILDING_BONUS_MARKET',  'Amount', '1'),
		('HONEY_MACGUFFIN_PASSIVE_BUILDING_BONUS_BANK',  'BuildingType', 'BUILDING_BANK'),
		('HONEY_MACGUFFIN_PASSIVE_BUILDING_BONUS_BANK',  'YieldType', 'YIELD_GOLD'),
		('HONEY_MACGUFFIN_PASSIVE_BUILDING_BONUS_BANK',  'Amount', '2'),
		('HONEY_MACGUFFIN_PASSIVE_BUILDING_BONUS_STOCK_EXCHANGE',  'BuildingType', 'BUILDING_STOCK_EXCHANGE'),
		('HONEY_MACGUFFIN_PASSIVE_BUILDING_BONUS_STOCK_EXCHANGE',  'YieldType', 'YIELD_GOLD'),
		('HONEY_MACGUFFIN_PASSIVE_BUILDING_BONUS_STOCK_EXCHANGE',  'Amount', '3'),

		('HONEY_MACGUFFIN_PASSIVE_BUILDING_BONUS_WORKSHOP',  'BuildingType', 'BUILDING_WORKSHOP'),
		('HONEY_MACGUFFIN_PASSIVE_BUILDING_BONUS_WORKSHOP',  'YieldType', 'YIELD_PRODUCTION'),
		('HONEY_MACGUFFIN_PASSIVE_BUILDING_BONUS_WORKSHOP',  'Amount', '1'),
		('HONEY_MACGUFFIN_PASSIVE_BUILDING_BONUS_FACTORY',  'BuildingType', 'BUILDING_FACTORY'),
		('HONEY_MACGUFFIN_PASSIVE_BUILDING_BONUS_FACTORY',  'YieldType', 'YIELD_PRODUCTION'),
		('HONEY_MACGUFFIN_PASSIVE_BUILDING_BONUS_FACTORY',  'Amount', '2'),
		('HONEY_MACGUFFIN_PASSIVE_BUILDING_BONUS_POWER_PLANT',  'BuildingType', 'BUILDING_POWER_PLANT'),
		('HONEY_MACGUFFIN_PASSIVE_BUILDING_BONUS_POWER_PLANT',  'YieldType', 'YIELD_PRODUCTION'),
		('HONEY_MACGUFFIN_PASSIVE_BUILDING_BONUS_POWER_PLANT',  'Amount', '3'),
		('HONEY_MACGUFFIN_PASSIVE_BUILDING_BONUS_COAL_POWER_PLANT',  'BuildingType', 'BUILDING_COAL_POWER_PLANT'),
		('HONEY_MACGUFFIN_PASSIVE_BUILDING_BONUS_COAL_POWER_PLANT',  'YieldType', 'YIELD_PRODUCTION'),
		('HONEY_MACGUFFIN_PASSIVE_BUILDING_BONUS_COAL_POWER_PLANT',  'Amount', '3'),
		('HONEY_MACGUFFIN_PASSIVE_BUILDING_BONUS_FOSSIL_FUEL_POWER_PLANT',  'BuildingType', 'BUILDING_FOSSIL_FUEL_POWER_PLANT'),
		('HONEY_MACGUFFIN_PASSIVE_BUILDING_BONUS_FOSSIL_FUEL_POWER_PLANT',  'YieldType', 'YIELD_PRODUCTION'),
		('HONEY_MACGUFFIN_PASSIVE_BUILDING_BONUS_FOSSIL_FUEL_POWER_PLANT',  'Amount', '3'),

		('HONEY_MACGUFFIN_PASSIVE_BUILDING_BONUS_BARRACKS',  'BuildingType', 'BUILDING_BARRACKS'),
		('HONEY_MACGUFFIN_PASSIVE_BUILDING_BONUS_BARRACKS',  'YieldType', 'YIELD_PRODUCTION'),
		('HONEY_MACGUFFIN_PASSIVE_BUILDING_BONUS_BARRACKS',  'Amount', '1'),
		('HONEY_MACGUFFIN_PASSIVE_BUILDING_BONUS_STABLE',  'BuildingType', 'BUILDING_STABLE'),
		('HONEY_MACGUFFIN_PASSIVE_BUILDING_BONUS_STABLE',  'YieldType', 'YIELD_PRODUCTION'),
		('HONEY_MACGUFFIN_PASSIVE_BUILDING_BONUS_STABLE',  'Amount', '1'),
		('HONEY_MACGUFFIN_PASSIVE_BUILDING_BONUS_ARMORY',  'BuildingType', 'BUILDING_ARMORY'),
		('HONEY_MACGUFFIN_PASSIVE_BUILDING_BONUS_ARMORY',  'YieldType', 'YIELD_PRODUCTION'),
		('HONEY_MACGUFFIN_PASSIVE_BUILDING_BONUS_ARMORY',  'Amount', '2'),
		('HONEY_MACGUFFIN_PASSIVE_BUILDING_BONUS_MILITARY_ACADEMY',  'BuildingType', 'BUILDING_MILITARY_ACADEMY'),
		('HONEY_MACGUFFIN_PASSIVE_BUILDING_BONUS_MILITARY_ACADEMY',  'YieldType', 'YIELD_PRODUCTION'),
		('HONEY_MACGUFFIN_PASSIVE_BUILDING_BONUS_MILITARY_ACADEMY',  'Amount', '3'),

		('HONEY_MACGUFFIN_PASSIVE_BUILDING_BONUS_LIGHTHOUSE',  'BuildingType', 'BUILDING_LIGHTHOUSE'),
		('HONEY_MACGUFFIN_PASSIVE_BUILDING_BONUS_LIGHTHOUSE',  'YieldType', 'YIELD_FOOD'),
		('HONEY_MACGUFFIN_PASSIVE_BUILDING_BONUS_LIGHTHOUSE',  'Amount', '1'),
		('HONEY_MACGUFFIN_PASSIVE_BUILDING_BONUS_SHIPYARD',  'BuildingType', 'BUILDING_SHIPYARD'),
		('HONEY_MACGUFFIN_PASSIVE_BUILDING_BONUS_SHIPYARD',  'YieldType', 'YIELD_PRODUCTION'),
		('HONEY_MACGUFFIN_PASSIVE_BUILDING_BONUS_SHIPYARD',  'Amount', '2'),
		('HONEY_MACGUFFIN_PASSIVE_BUILDING_BONUS_SEAPORT',  'BuildingType', 'BUILDING_SEAPORT'),
		('HONEY_MACGUFFIN_PASSIVE_BUILDING_BONUS_SEAPORT',  'YieldType', 'YIELD_GOLD'),
		('HONEY_MACGUFFIN_PASSIVE_BUILDING_BONUS_SEAPORT',  'Amount', '3'),

		--there is almost certainly a better way to do tier 3 faith
		('HONEY_MACGUFFIN_PASSIVE_BUILDING_BONUS_SHRINE',  'BuildingType', 'BUILDING_SHRINE'),
		('HONEY_MACGUFFIN_PASSIVE_BUILDING_BONUS_SHRINE',  'YieldType', 'YIELD_FAITH'),
		('HONEY_MACGUFFIN_PASSIVE_BUILDING_BONUS_SHRINE',  'Amount', '1'),
		('HONEY_MACGUFFIN_PASSIVE_BUILDING_BONUS_TEMPLE',  'BuildingType', 'BUILDING_TEMPLE'),
		('HONEY_MACGUFFIN_PASSIVE_BUILDING_BONUS_TEMPLE',  'YieldType', 'YIELD_FAITH'),
		('HONEY_MACGUFFIN_PASSIVE_BUILDING_BONUS_TEMPLE',  'Amount', '2'),
		('HONEY_MACGUFFIN_PASSIVE_BUILDING_BONUS_CATHEDRAL',  'BuildingType', 'BUILDING_BUILDING_CATHEDRAL'),
		('HONEY_MACGUFFIN_PASSIVE_BUILDING_BONUS_CATHEDRAL',  'YieldType', 'YIELD_FAITH'),
		('HONEY_MACGUFFIN_PASSIVE_BUILDING_BONUS_CATHERDRAL',  'Amount', '3'),
		('HONEY_MACGUFFIN_PASSIVE_BUILDING_BONUS_DAR_E_MEHR',  'BuildingType', 'BUILDING_BUILDING_DAR_E_MEHR'),
		('HONEY_MACGUFFIN_PASSIVE_BUILDING_BONUS_DAR_E_MEHR',  'YieldType', 'YIELD_FAITH'),
		('HONEY_MACGUFFIN_PASSIVE_BUILDING_BONUS_DAR_E_MEHR',  'Amount', '3'),
		('HONEY_MACGUFFIN_PASSIVE_BUILDING_BONUS_GURDWARA',  'BuildingType', 'BUILDING_BUILDING_GURDWARA'),
		('HONEY_MACGUFFIN_PASSIVE_BUILDING_BONUS_GURDWARA',  'YieldType', 'YIELD_FAITH'),
		('HONEY_MACGUFFIN_PASSIVE_BUILDING_BONUS_GURDWARA',  'Amount', '3'),
		('HONEY_MACGUFFIN_PASSIVE_BUILDING_BONUS_MEETING_HOUSE',  'BuildingType', 'BUILDING_BUILDING_MEETING_HOUSE'),
		('HONEY_MACGUFFIN_PASSIVE_BUILDING_BONUS_MEETING_HOUSE',  'YieldType', 'YIELD_FAITH'),
		('HONEY_MACGUFFIN_PASSIVE_BUILDING_BONUS_MEETING_HOUSE',  'Amount', '3'),
		('HONEY_MACGUFFIN_PASSIVE_BUILDING_BONUS_MOSQUE',  'BuildingType', 'BUILDING_BUILDING_MOSQUE'),
		('HONEY_MACGUFFIN_PASSIVE_BUILDING_BONUS_MOSQUE',  'YieldType', 'YIELD_FAITH'),
		('HONEY_MACGUFFIN_PASSIVE_BUILDING_BONUS_MOSQUE',  'Amount', '3'),
		('HONEY_MACGUFFIN_PASSIVE_BUILDING_BONUS_PAGODA',  'BuildingType', 'BUILDING_BUILDING_PAGODA'),
		('HONEY_MACGUFFIN_PASSIVE_BUILDING_BONUS_PAGODA',  'YieldType', 'YIELD_FAITH'),
		('HONEY_MACGUFFIN_PASSIVE_BUILDING_BONUS_PAGODA',  'Amount', '3'),
		('HONEY_MACGUFFIN_PASSIVE_BUILDING_BONUS_STUPA',  'BuildingType', 'BUILDING_BUILDING_STUPA'),
		('HONEY_MACGUFFIN_PASSIVE_BUILDING_BONUS_STUPA',  'YieldType', 'YIELD_FAITH'),
		('HONEY_MACGUFFIN_PASSIVE_BUILDING_BONUS_STUPA',  'Amount', '3'),
		('HONEY_MACGUFFIN_PASSIVE_BUILDING_BONUS_SYNAGOGUE',  'BuildingType', 'BUILDING_BUILDING_SYNAGOGUE'),
		('HONEY_MACGUFFIN_PASSIVE_BUILDING_BONUS_SYNAGOGUE',  'YieldType', 'YIELD_FAITH'),
		('HONEY_MACGUFFIN_PASSIVE_BUILDING_BONUS_SYNAGOGUE',  'Amount', '3'),
		('HONEY_MACGUFFIN_PASSIVE_BUILDING_BONUS_WAT',  'BuildingType', 'BUILDING_BUILDING_WAT'),
		('HONEY_MACGUFFIN_PASSIVE_BUILDING_BONUS_WAT',  'YieldType', 'YIELD_FAITH'),
		('HONEY_MACGUFFIN_PASSIVE_BUILDING_BONUS_WAT',  'Amount', '3'),

--BUILDING_CATHEDRAL
--BUILDING_DAR_E_MEHR
--BUILDING_GURDWARA
--BUILDING_MEETING_HOUSE
--BUILDING_MOSQUE
--BUILDING_PAGODA
--BUILDING_STUPA
--BUILDING_SYNAGOGUE
--BUILDING_WAT

