-- Honey_Macguffin_Passive_Military
-- Author: HoneyTheBear
-- DateCreated: 7/17/2023 6:26:16 PM
--------------------------------------------------------------

--passive combat bonuses and stuff

-- building grants ability which has a modifier that gives the combat strength so I can pick and choose classes

-- TO DO check ranged and siege to make sure the increase is to their ranged attack



--$ melee # leorozon 6
--$ light cavalry # true hoof 7
--$ heavy cavalry # doom hoof 8
--$ siege # brick breaker 9
--$ ranged # spectavian 10 (offers a birds eye view!)
--$ recon # wispwalker 11 
--$ anti-cavalry # Haelblaudt 12
--$ all land combat # ultra violent light



--planes? too specific
--naval? not useful enough
--resist specific classes? kinda boring. This would require your opponents to play in a certain way, rather than incentivizing something in your own civilization.


INSERT INTO Types
		(Type,													Kind)
VALUES  ('ABILITY_HONEY_MACGUFFIN_PASSIVE_MELEE_BUFF', 'KIND_ABILITY'),
		('ABILITY_HONEY_MACGUFFIN_PASSIVE_MELEE_BUFF_TIER2', 'KIND_ABILITY'),
		('ABILITY_HONEY_MACGUFFIN_PASSIVE_MELEE_BUFF_TIER3', 'KIND_ABILITY'),
		('GREATWORK_GREATWORKOBJECT_HONEY_MACGUFFIN_PASSIVE_MELEE_BUFF',				'KIND_GREATWORK'),
		('GREATWORK_GREATWORKOBJECT_HONEY_MACGUFFIN_PASSIVE_MELEE_BUFF_TIER2',				'KIND_GREATWORK'),
		('GREATWORK_GREATWORKOBJECT_HONEY_MACGUFFIN_PASSIVE_MELEE_BUFF_TIER3',				'KIND_GREATWORK'),
		('GREAT_PERSON_HONEY_MACGUFFIN_PASSIVE_MELEE_BUFF_GP',				'KIND_GREAT_PERSON_INDIVIDUAL'),
		('GREAT_PERSON_HONEY_MACGUFFIN_PASSIVE_MELEE_BUFF_TIER2_GP',				'KIND_GREAT_PERSON_INDIVIDUAL'),
		('GREAT_PERSON_HONEY_MACGUFFIN_PASSIVE_MELEE_BUFF_TIER3_GP',				'KIND_GREAT_PERSON_INDIVIDUAL'),
		('BUILDING_HONEY_MACGUFFIN_HOLDER_PASSIVE_MELEE_BUFF_TIER2',          'KIND_BUILDING'),
		('BUILDING_HONEY_MACGUFFIN_HOLDER_PASSIVE_MELEE_BUFF_TIER3',          'KIND_BUILDING'),
		('BUILDING_HONEY_MACGUFFIN_HOLDER_PASSIVE_MELEE_BUFF',          'KIND_BUILDING'),
		
		('ABILITY_HONEY_MACGUFFIN_PASSIVE_LIGHT_CAVALRY_BUFF', 'KIND_ABILITY'),
		('ABILITY_HONEY_MACGUFFIN_PASSIVE_LIGHT_CAVALRY_BUFF_TIER2', 'KIND_ABILITY'),
		('ABILITY_HONEY_MACGUFFIN_PASSIVE_LIGHT_CAVALRY_BUFF_TIER3', 'KIND_ABILITY'),
		('GREATWORK_GREATWORKOBJECT_HONEY_MACGUFFIN_PASSIVE_LIGHT_CAVALRY_BUFF',				'KIND_GREATWORK'),
		('GREATWORK_GREATWORKOBJECT_HONEY_MACGUFFIN_PASSIVE_LIGHT_CAVALRY_BUFF_TIER2',				'KIND_GREATWORK'),
		('GREATWORK_GREATWORKOBJECT_HONEY_MACGUFFIN_PASSIVE_LIGHT_CAVALRY_BUFF_TIER3',				'KIND_GREATWORK'),
		('GREAT_PERSON_HONEY_MACGUFFIN_PASSIVE_LIGHT_CAVALRY_BUFF_GP',				'KIND_GREAT_PERSON_INDIVIDUAL'),
		('GREAT_PERSON_HONEY_MACGUFFIN_PASSIVE_LIGHT_CAVALRY_BUFF_TIER2_GP',				'KIND_GREAT_PERSON_INDIVIDUAL'),
		('GREAT_PERSON_HONEY_MACGUFFIN_PASSIVE_LIGHT_CAVALRY_BUFF_TIER3_GP',				'KIND_GREAT_PERSON_INDIVIDUAL'),
		('BUILDING_HONEY_MACGUFFIN_HOLDER_PASSIVE_LIGHT_CAVALRY_BUFF_TIER2',          'KIND_BUILDING'),
		('BUILDING_HONEY_MACGUFFIN_HOLDER_PASSIVE_LIGHT_CAVALRY_BUFF_TIER3',          'KIND_BUILDING'),
		('BUILDING_HONEY_MACGUFFIN_HOLDER_PASSIVE_LIGHT_CAVALRY_BUFF',          'KIND_BUILDING'),
		
		('ABILITY_HONEY_MACGUFFIN_PASSIVE_HEAVY_CAVALRY_BUFF', 'KIND_ABILITY'),
		('ABILITY_HONEY_MACGUFFIN_PASSIVE_HEAVY_CAVALRY_BUFF_TIER2', 'KIND_ABILITY'),
		('ABILITY_HONEY_MACGUFFIN_PASSIVE_HEAVY_CAVALRY_BUFF_TIER3', 'KIND_ABILITY'),
		('GREATWORK_GREATWORKOBJECT_HONEY_MACGUFFIN_PASSIVE_HEAVY_CAVALRY_BUFF',				'KIND_GREATWORK'),
		('GREATWORK_GREATWORKOBJECT_HONEY_MACGUFFIN_PASSIVE_HEAVY_CAVALRY_BUFF_TIER2',				'KIND_GREATWORK'),
		('GREATWORK_GREATWORKOBJECT_HONEY_MACGUFFIN_PASSIVE_HEAVY_CAVALRY_BUFF_TIER3',				'KIND_GREATWORK'),
		('GREAT_PERSON_HONEY_MACGUFFIN_PASSIVE_HEAVY_CAVALRY_BUFF_GP',				'KIND_GREAT_PERSON_INDIVIDUAL'),
		('GREAT_PERSON_HONEY_MACGUFFIN_PASSIVE_HEAVY_CAVALRY_BUFF_TIER2_GP',				'KIND_GREAT_PERSON_INDIVIDUAL'),
		('GREAT_PERSON_HONEY_MACGUFFIN_PASSIVE_HEAVY_CAVALRY_BUFF_TIER3_GP',				'KIND_GREAT_PERSON_INDIVIDUAL'),
		('BUILDING_HONEY_MACGUFFIN_HOLDER_PASSIVE_HEAVY_CAVALRY_BUFF_TIER2',          'KIND_BUILDING'),
		('BUILDING_HONEY_MACGUFFIN_HOLDER_PASSIVE_HEAVY_CAVALRY_BUFF_TIER3',          'KIND_BUILDING'),
		('BUILDING_HONEY_MACGUFFIN_HOLDER_PASSIVE_HEAVY_CAVALRY_BUFF',          'KIND_BUILDING'),
		
		('ABILITY_HONEY_MACGUFFIN_PASSIVE_SIEGE_BUFF', 'KIND_ABILITY'),
		('ABILITY_HONEY_MACGUFFIN_PASSIVE_SIEGE_BUFF_TIER2', 'KIND_ABILITY'),
		('ABILITY_HONEY_MACGUFFIN_PASSIVE_SIEGE_BUFF_TIER3', 'KIND_ABILITY'),
		('GREATWORK_GREATWORKOBJECT_HONEY_MACGUFFIN_PASSIVE_SIEGE_BUFF',				'KIND_GREATWORK'),
		('GREATWORK_GREATWORKOBJECT_HONEY_MACGUFFIN_PASSIVE_SIEGE_BUFF_TIER2',				'KIND_GREATWORK'),
		('GREATWORK_GREATWORKOBJECT_HONEY_MACGUFFIN_PASSIVE_SIEGE_BUFF_TIER3',				'KIND_GREATWORK'),
		('GREAT_PERSON_HONEY_MACGUFFIN_PASSIVE_SIEGE_BUFF_GP',				'KIND_GREAT_PERSON_INDIVIDUAL'),
		('GREAT_PERSON_HONEY_MACGUFFIN_PASSIVE_SIEGE_BUFF_TIER2_GP',				'KIND_GREAT_PERSON_INDIVIDUAL'),
		('GREAT_PERSON_HONEY_MACGUFFIN_PASSIVE_SIEGE_BUFF_TIER3_GP',				'KIND_GREAT_PERSON_INDIVIDUAL'),
		('BUILDING_HONEY_MACGUFFIN_HOLDER_PASSIVE_SIEGE_BUFF_TIER2',          'KIND_BUILDING'),
		('BUILDING_HONEY_MACGUFFIN_HOLDER_PASSIVE_SIEGE_BUFF_TIER3',          'KIND_BUILDING'),
		('BUILDING_HONEY_MACGUFFIN_HOLDER_PASSIVE_SIEGE_BUFF',          'KIND_BUILDING'),
		
		('ABILITY_HONEY_MACGUFFIN_PASSIVE_RANGED_BUFF', 'KIND_ABILITY'),
		('ABILITY_HONEY_MACGUFFIN_PASSIVE_RANGED_BUFF_TIER2', 'KIND_ABILITY'),
		('ABILITY_HONEY_MACGUFFIN_PASSIVE_RANGED_BUFF_TIER3', 'KIND_ABILITY'),
		('GREATWORK_GREATWORKOBJECT_HONEY_MACGUFFIN_PASSIVE_RANGED_BUFF',				'KIND_GREATWORK'),
		('GREATWORK_GREATWORKOBJECT_HONEY_MACGUFFIN_PASSIVE_RANGED_BUFF_TIER2',				'KIND_GREATWORK'),
		('GREATWORK_GREATWORKOBJECT_HONEY_MACGUFFIN_PASSIVE_RANGED_BUFF_TIER3',				'KIND_GREATWORK'),
		('GREAT_PERSON_HONEY_MACGUFFIN_PASSIVE_RANGED_BUFF_GP',				'KIND_GREAT_PERSON_INDIVIDUAL'),
		('GREAT_PERSON_HONEY_MACGUFFIN_PASSIVE_RANGED_BUFF_TIER2_GP',				'KIND_GREAT_PERSON_INDIVIDUAL'),
		('GREAT_PERSON_HONEY_MACGUFFIN_PASSIVE_RANGED_BUFF_TIER3_GP',				'KIND_GREAT_PERSON_INDIVIDUAL'),
		('BUILDING_HONEY_MACGUFFIN_HOLDER_PASSIVE_RANGED_BUFF_TIER2',          'KIND_BUILDING'),
		('BUILDING_HONEY_MACGUFFIN_HOLDER_PASSIVE_RANGED_BUFF_TIER3',          'KIND_BUILDING'),
		('BUILDING_HONEY_MACGUFFIN_HOLDER_PASSIVE_RANGED_BUFF',          'KIND_BUILDING'),
		
		('ABILITY_HONEY_MACGUFFIN_PASSIVE_RECON_BUFF', 'KIND_ABILITY'),
		('ABILITY_HONEY_MACGUFFIN_PASSIVE_RECON_BUFF_TIER2', 'KIND_ABILITY'),
		('ABILITY_HONEY_MACGUFFIN_PASSIVE_RECON_BUFF_TIER3', 'KIND_ABILITY'),
		('GREATWORK_GREATWORKOBJECT_HONEY_MACGUFFIN_PASSIVE_RECON_BUFF',				'KIND_GREATWORK'),
		('GREATWORK_GREATWORKOBJECT_HONEY_MACGUFFIN_PASSIVE_RECON_BUFF_TIER2',				'KIND_GREATWORK'),
		('GREATWORK_GREATWORKOBJECT_HONEY_MACGUFFIN_PASSIVE_RECON_BUFF_TIER3',				'KIND_GREATWORK'),
		('GREAT_PERSON_HONEY_MACGUFFIN_PASSIVE_RECON_BUFF_GP',				'KIND_GREAT_PERSON_INDIVIDUAL'),
		('GREAT_PERSON_HONEY_MACGUFFIN_PASSIVE_RECON_BUFF_TIER2_GP',				'KIND_GREAT_PERSON_INDIVIDUAL'),
		('GREAT_PERSON_HONEY_MACGUFFIN_PASSIVE_RECON_BUFF_TIER3_GP',				'KIND_GREAT_PERSON_INDIVIDUAL'),
		('BUILDING_HONEY_MACGUFFIN_HOLDER_PASSIVE_RECON_BUFF_TIER2',          'KIND_BUILDING'),
		('BUILDING_HONEY_MACGUFFIN_HOLDER_PASSIVE_RECON_BUFF_TIER3',          'KIND_BUILDING'),
		('BUILDING_HONEY_MACGUFFIN_HOLDER_PASSIVE_RECON_BUFF',          'KIND_BUILDING'),
		
		('ABILITY_HONEY_MACGUFFIN_PASSIVE_ANTI_CAVALRY_BUFF', 'KIND_ABILITY'),
		('ABILITY_HONEY_MACGUFFIN_PASSIVE_ANTI_CAVALRY_BUFF_TIER2', 'KIND_ABILITY'),
		('ABILITY_HONEY_MACGUFFIN_PASSIVE_ANTI_CAVALRY_BUFF_TIER3', 'KIND_ABILITY'),
		('GREATWORK_GREATWORKOBJECT_HONEY_MACGUFFIN_PASSIVE_ANTI_CAVALRY_BUFF',				'KIND_GREATWORK'),
		('GREATWORK_GREATWORKOBJECT_HONEY_MACGUFFIN_PASSIVE_ANTI_CAVALRY_BUFF_TIER2',				'KIND_GREATWORK'),
		('GREATWORK_GREATWORKOBJECT_HONEY_MACGUFFIN_PASSIVE_ANTI_CAVALRY_BUFF_TIER3',				'KIND_GREATWORK'),
		('GREAT_PERSON_HONEY_MACGUFFIN_PASSIVE_ANTI_CAVALRY_BUFF_GP',				'KIND_GREAT_PERSON_INDIVIDUAL'),
		('GREAT_PERSON_HONEY_MACGUFFIN_PASSIVE_ANTI_CAVALRY_BUFF_TIER2_GP',				'KIND_GREAT_PERSON_INDIVIDUAL'),
		('GREAT_PERSON_HONEY_MACGUFFIN_PASSIVE_ANTI_CAVALRY_BUFF_TIER3_GP',				'KIND_GREAT_PERSON_INDIVIDUAL'),
		('BUILDING_HONEY_MACGUFFIN_HOLDER_PASSIVE_ANTI_CAVALRY_BUFF_TIER2',          'KIND_BUILDING'),
		('BUILDING_HONEY_MACGUFFIN_HOLDER_PASSIVE_ANTI_CAVALRY_BUFF_TIER3',          'KIND_BUILDING'),
		('BUILDING_HONEY_MACGUFFIN_HOLDER_PASSIVE_ANTI_CAVALRY_BUFF',          'KIND_BUILDING'),
		
		('ABILITY_HONEY_MACGUFFIN_PASSIVE_ALL_LAND_COMBAT_BUFF', 'KIND_ABILITY'),
		('ABILITY_HONEY_MACGUFFIN_PASSIVE_ALL_LAND_COMBAT_BUFF_TIER2', 'KIND_ABILITY'),
		('ABILITY_HONEY_MACGUFFIN_PASSIVE_ALL_LAND_COMBAT_BUFF_TIER3', 'KIND_ABILITY'),
		('GREATWORK_GREATWORKOBJECT_HONEY_MACGUFFIN_PASSIVE_ALL_LAND_COMBAT_BUFF',				'KIND_GREATWORK'),
		('GREATWORK_GREATWORKOBJECT_HONEY_MACGUFFIN_PASSIVE_ALL_LAND_COMBAT_BUFF_TIER2',				'KIND_GREATWORK'),
		('GREATWORK_GREATWORKOBJECT_HONEY_MACGUFFIN_PASSIVE_ALL_LAND_COMBAT_BUFF_TIER3',				'KIND_GREATWORK'),
		('GREAT_PERSON_HONEY_MACGUFFIN_PASSIVE_ALL_LAND_COMBAT_BUFF_GP',				'KIND_GREAT_PERSON_INDIVIDUAL'),
		('GREAT_PERSON_HONEY_MACGUFFIN_PASSIVE_ALL_LAND_COMBAT_BUFF_TIER2_GP',				'KIND_GREAT_PERSON_INDIVIDUAL'),
		('GREAT_PERSON_HONEY_MACGUFFIN_PASSIVE_ALL_LAND_COMBAT_BUFF_TIER3_GP',				'KIND_GREAT_PERSON_INDIVIDUAL'),
		('BUILDING_HONEY_MACGUFFIN_HOLDER_PASSIVE_ALL_LAND_COMBAT_BUFF_TIER2',          'KIND_BUILDING'),
		('BUILDING_HONEY_MACGUFFIN_HOLDER_PASSIVE_ALL_LAND_COMBAT_BUFF_TIER3',          'KIND_BUILDING'),
		('BUILDING_HONEY_MACGUFFIN_HOLDER_PASSIVE_ALL_LAND_COMBAT_BUFF',          'KIND_BUILDING');

INSERT INTO TypeTags
		(Type,														Tag)
VALUES  ('ABILITY_HONEY_MACGUFFIN_PASSIVE_MELEE_BUFF',   'CLASS_MELEE'),
		('ABILITY_HONEY_MACGUFFIN_PASSIVE_MELEE_BUFF_TIER2',   'CLASS_MELEE'),
		('ABILITY_HONEY_MACGUFFIN_PASSIVE_MELEE_BUFF_TIER3',   'CLASS_MELEE'),
		
		('ABILITY_HONEY_MACGUFFIN_PASSIVE_LIGHT_CAVALRY_BUFF',   'CLASS_LIGHT_CAVALRY'),
		('ABILITY_HONEY_MACGUFFIN_PASSIVE_LIGHT_CAVALRY_BUFF_TIER2',   'CLASS_LIGHT_CAVALRY'),
		('ABILITY_HONEY_MACGUFFIN_PASSIVE_LIGHT_CAVALRY_BUFF_TIER3',   'CLASS_LIGHT_CAVALRY'),
		
		('ABILITY_HONEY_MACGUFFIN_PASSIVE_HEAVY_CAVALRY_BUFF',   'CLASS_HEAVY_CAVALRY'),
		('ABILITY_HONEY_MACGUFFIN_PASSIVE_HEAVY_CAVALRY_BUFF_TIER2',   'CLASS_HEAVY_CAVALRY'),
		('ABILITY_HONEY_MACGUFFIN_PASSIVE_HEAVY_CAVALRY_BUFF_TIER3',   'CLASS_HEAVY_CAVALRY'),
		
		('ABILITY_HONEY_MACGUFFIN_PASSIVE_SIEGE_BUFF',   'CLASS_SIEGE'),
		('ABILITY_HONEY_MACGUFFIN_PASSIVE_SIEGE_BUFF_TIER2',   'CLASS_SIEGE'),
		('ABILITY_HONEY_MACGUFFIN_PASSIVE_SIEGE_BUFF_TIER3',   'CLASS_SIEGE'),
		
		('ABILITY_HONEY_MACGUFFIN_PASSIVE_RANGED_BUFF',   'CLASS_RANGED'),
		('ABILITY_HONEY_MACGUFFIN_PASSIVE_RANGED_BUFF_TIER2',   'CLASS_RANGED'),
		('ABILITY_HONEY_MACGUFFIN_PASSIVE_RANGED_BUFF_TIER3',   'CLASS_RANGED'),
		
		('ABILITY_HONEY_MACGUFFIN_PASSIVE_RECON_BUFF',   'CLASS_RECON'),
		('ABILITY_HONEY_MACGUFFIN_PASSIVE_RECON_BUFF_TIER2',   'CLASS_RECON'),
		('ABILITY_HONEY_MACGUFFIN_PASSIVE_RECON_BUFF_TIER3',   'CLASS_RECON'),
		
		('ABILITY_HONEY_MACGUFFIN_PASSIVE_ANTI_CAVALRY_BUFF',   'CLASS_ANTI_CAVALRY'),
		('ABILITY_HONEY_MACGUFFIN_PASSIVE_ANTI_CAVALRY_BUFF_TIER2',   'CLASS_ANTI_CAVALRY'),
		('ABILITY_HONEY_MACGUFFIN_PASSIVE_ANTI_CAVALRY_BUFF_TIER3',   'CLASS_ANTI_CAVALRY'),
		
		('ABILITY_HONEY_MACGUFFIN_PASSIVE_ALL_LAND_COMBAT_BUFF',   'CLASS_ANTI_CAVALRY'),
		('ABILITY_HONEY_MACGUFFIN_PASSIVE_ALL_LAND_COMBAT_BUFF_TIER2',   'CLASS_ANTI_CAVALRY'),
		('ABILITY_HONEY_MACGUFFIN_PASSIVE_ALL_LAND_COMBAT_BUFF_TIER3',   'CLASS_ANTI_CAVALRY'),
		('ABILITY_HONEY_MACGUFFIN_PASSIVE_ALL_LAND_COMBAT_BUFF',   'CLASS_MELEE'),
		('ABILITY_HONEY_MACGUFFIN_PASSIVE_ALL_LAND_COMBAT_BUFF_TIER2',   'CLASS_MELEE'),
		('ABILITY_HONEY_MACGUFFIN_PASSIVE_ALL_LAND_COMBAT_BUFF_TIER3',   'CLASS_MELEE'),
		('ABILITY_HONEY_MACGUFFIN_PASSIVE_ALL_LAND_COMBAT_BUFF',   'CLASS_LIGHT_CAVALRY'),
		('ABILITY_HONEY_MACGUFFIN_PASSIVE_ALL_LAND_COMBAT_BUFF_TIER2',   'CLASS_LIGHT_CAVALRY'),
		('ABILITY_HONEY_MACGUFFIN_PASSIVE_ALL_LAND_COMBAT_BUFF_TIER3',   'CLASS_LIGHT_CAVALRY'),
		('ABILITY_HONEY_MACGUFFIN_PASSIVE_ALL_LAND_COMBAT_BUFF',   'CLASS_HEAVY_CAVALRY'),
		('ABILITY_HONEY_MACGUFFIN_PASSIVE_ALL_LAND_COMBAT_BUFF_TIER2',   'CLASS_HEAVY_CAVALRY'),
		('ABILITY_HONEY_MACGUFFIN_PASSIVE_ALL_LAND_COMBAT_BUFF_TIER3',   'CLASS_HEAVY_CAVALRY'),
		('ABILITY_HONEY_MACGUFFIN_PASSIVE_ALL_LAND_COMBAT_BUFF',   'CLASS_SIEGE'),
		('ABILITY_HONEY_MACGUFFIN_PASSIVE_ALL_LAND_COMBAT_BUFF_TIER2',   'CLASS_SIEGE'),
		('ABILITY_HONEY_MACGUFFIN_PASSIVE_ALL_LAND_COMBAT_BUFF_TIER3',   'CLASS_SIEGE'),
		('ABILITY_HONEY_MACGUFFIN_PASSIVE_ALL_LAND_COMBAT_BUFF',   'CLASS_RANGED'),
		('ABILITY_HONEY_MACGUFFIN_PASSIVE_ALL_LAND_COMBAT_BUFF_TIER2',   'CLASS_RANGED'),
		('ABILITY_HONEY_MACGUFFIN_PASSIVE_ALL_LAND_COMBAT_BUFF_TIER3',   'CLASS_RANGED'),
		('ABILITY_HONEY_MACGUFFIN_PASSIVE_ALL_LAND_COMBAT_BUFF',   'CLASS_RECON'),
		('ABILITY_HONEY_MACGUFFIN_PASSIVE_ALL_LAND_COMBAT_BUFF_TIER2',   'CLASS_RECON'),
		('ABILITY_HONEY_MACGUFFIN_PASSIVE_ALL_LAND_COMBAT_BUFF_TIER3',   'CLASS_RECON');


INSERT INTO Modifiers
		(ModifierId,														ModifierType,						 Permanent) --, SubjectRequirementSetdId)
VALUES  ( 'MODIFIER_HONEY_MACGUFFIN_PASSIVE_MELEE_BUFF_ABILITY_GRANTER', 'MODIFIER_PLAYER_UNITS_GRANT_ABILITY',        0),
		( 'MODIFIER_HONEY_MACGUFFIN_PASSIVE_MELEE_BUFF',				 'MODIFIER_UNIT_ADJUST_COMBAT_STRENGTH',        0),
		( 'MODIFIER_HONEY_MACGUFFIN_PASSIVE_MELEE_BUFF_TIER2_ABILITY_GRANTER', 'MODIFIER_PLAYER_UNITS_GRANT_ABILITY',        0),
		( 'MODIFIER_HONEY_MACGUFFIN_PASSIVE_MELEE_BUFF_TIER2',				 'MODIFIER_UNIT_ADJUST_COMBAT_STRENGTH',        0),
		( 'MODIFIER_HONEY_MACGUFFIN_PASSIVE_MELEE_BUFF_TIER3_ABILITY_GRANTER', 'MODIFIER_PLAYER_UNITS_GRANT_ABILITY',        0),
		( 'MODIFIER_HONEY_MACGUFFIN_PASSIVE_MELEE_BUFF_TIER3',				 'MODIFIER_UNIT_ADJUST_COMBAT_STRENGTH',        0),
		
		( 'MODIFIER_HONEY_MACGUFFIN_PASSIVE_LIGHT_CAVALRY_BUFF_ABILITY_GRANTER', 'MODIFIER_PLAYER_UNITS_GRANT_ABILITY',        0),
		( 'MODIFIER_HONEY_MACGUFFIN_PASSIVE_LIGHT_CAVALRY_BUFF',				 'MODIFIER_UNIT_ADJUST_COMBAT_STRENGTH',        0),
		( 'MODIFIER_HONEY_MACGUFFIN_PASSIVE_LIGHT_CAVALRY_BUFF_TIER2_ABILITY_GRANTER', 'MODIFIER_PLAYER_UNITS_GRANT_ABILITY',        0),
		( 'MODIFIER_HONEY_MACGUFFIN_PASSIVE_LIGHT_CAVALRY_BUFF_TIER2',				 'MODIFIER_UNIT_ADJUST_COMBAT_STRENGTH',        0),
		( 'MODIFIER_HONEY_MACGUFFIN_PASSIVE_LIGHT_CAVALRY_BUFF_TIER3_ABILITY_GRANTER', 'MODIFIER_PLAYER_UNITS_GRANT_ABILITY',        0),
		( 'MODIFIER_HONEY_MACGUFFIN_PASSIVE_LIGHT_CAVALRY_BUFF_TIER3',				 'MODIFIER_UNIT_ADJUST_COMBAT_STRENGTH',        0),
		
		( 'MODIFIER_HONEY_MACGUFFIN_PASSIVE_HEAVY_CAVALRY_BUFF_ABILITY_GRANTER', 'MODIFIER_PLAYER_UNITS_GRANT_ABILITY',        0),
		( 'MODIFIER_HONEY_MACGUFFIN_PASSIVE_HEAVY_CAVALRY_BUFF',				 'MODIFIER_UNIT_ADJUST_COMBAT_STRENGTH',        0),
		( 'MODIFIER_HONEY_MACGUFFIN_PASSIVE_HEAVY_CAVALRY_BUFF_TIER2_ABILITY_GRANTER', 'MODIFIER_PLAYER_UNITS_GRANT_ABILITY',        0),
		( 'MODIFIER_HONEY_MACGUFFIN_PASSIVE_HEAVY_CAVALRY_BUFF_TIER2',				 'MODIFIER_UNIT_ADJUST_COMBAT_STRENGTH',        0),
		( 'MODIFIER_HONEY_MACGUFFIN_PASSIVE_HEAVY_CAVALRY_BUFF_TIER3_ABILITY_GRANTER', 'MODIFIER_PLAYER_UNITS_GRANT_ABILITY',        0),
		( 'MODIFIER_HONEY_MACGUFFIN_PASSIVE_HEAVY_CAVALRY_BUFF_TIER3',				 'MODIFIER_UNIT_ADJUST_COMBAT_STRENGTH',        0),
		
		( 'MODIFIER_HONEY_MACGUFFIN_PASSIVE_SIEGE_BUFF_ABILITY_GRANTER', 'MODIFIER_PLAYER_UNITS_GRANT_ABILITY',        0),
		( 'MODIFIER_HONEY_MACGUFFIN_PASSIVE_SIEGE_BUFF',				 'MODIFIER_UNIT_ADJUST_COMBAT_STRENGTH',        0),
		( 'MODIFIER_HONEY_MACGUFFIN_PASSIVE_SIEGE_BUFF_TIER2_ABILITY_GRANTER', 'MODIFIER_PLAYER_UNITS_GRANT_ABILITY',        0),
		( 'MODIFIER_HONEY_MACGUFFIN_PASSIVE_SIEGE_BUFF_TIER2',				 'MODIFIER_UNIT_ADJUST_COMBAT_STRENGTH',        0),
		( 'MODIFIER_HONEY_MACGUFFIN_PASSIVE_SIEGE_BUFF_TIER3_ABILITY_GRANTER', 'MODIFIER_PLAYER_UNITS_GRANT_ABILITY',        0),
		( 'MODIFIER_HONEY_MACGUFFIN_PASSIVE_SIEGE_BUFF_TIER3',				 'MODIFIER_UNIT_ADJUST_COMBAT_STRENGTH',        0),
		
		( 'MODIFIER_HONEY_MACGUFFIN_PASSIVE_RANGED_BUFF_ABILITY_GRANTER', 'MODIFIER_PLAYER_UNITS_GRANT_ABILITY',        0),
		( 'MODIFIER_HONEY_MACGUFFIN_PASSIVE_RANGED_BUFF',				 'MODIFIER_UNIT_ADJUST_COMBAT_STRENGTH',        0),
		( 'MODIFIER_HONEY_MACGUFFIN_PASSIVE_RANGED_BUFF_TIER2_ABILITY_GRANTER', 'MODIFIER_PLAYER_UNITS_GRANT_ABILITY',        0),
		( 'MODIFIER_HONEY_MACGUFFIN_PASSIVE_RANGED_BUFF_TIER2',				 'MODIFIER_UNIT_ADJUST_COMBAT_STRENGTH',        0),
		( 'MODIFIER_HONEY_MACGUFFIN_PASSIVE_RANGED_BUFF_TIER3_ABILITY_GRANTER', 'MODIFIER_PLAYER_UNITS_GRANT_ABILITY',        0),
		( 'MODIFIER_HONEY_MACGUFFIN_PASSIVE_RANGED_BUFF_TIER3',				 'MODIFIER_UNIT_ADJUST_COMBAT_STRENGTH',        0),
		
		( 'MODIFIER_HONEY_MACGUFFIN_PASSIVE_RECON_BUFF_ABILITY_GRANTER', 'MODIFIER_PLAYER_UNITS_GRANT_ABILITY',        0),
		( 'MODIFIER_HONEY_MACGUFFIN_PASSIVE_RECON_BUFF',				 'MODIFIER_UNIT_ADJUST_COMBAT_STRENGTH',        0),
		( 'MODIFIER_HONEY_MACGUFFIN_PASSIVE_RECON_BUFF_TIER2_ABILITY_GRANTER', 'MODIFIER_PLAYER_UNITS_GRANT_ABILITY',        0),
		( 'MODIFIER_HONEY_MACGUFFIN_PASSIVE_RECON_BUFF_TIER2',				 'MODIFIER_UNIT_ADJUST_COMBAT_STRENGTH',        0),
		( 'MODIFIER_HONEY_MACGUFFIN_PASSIVE_RECON_BUFF_TIER3_ABILITY_GRANTER', 'MODIFIER_PLAYER_UNITS_GRANT_ABILITY',        0),
		( 'MODIFIER_HONEY_MACGUFFIN_PASSIVE_RECON_BUFF_TIER3',				 'MODIFIER_UNIT_ADJUST_COMBAT_STRENGTH',        0),
		
		( 'MODIFIER_HONEY_MACGUFFIN_PASSIVE_ANTI_CAVALRY_BUFF_ABILITY_GRANTER', 'MODIFIER_PLAYER_UNITS_GRANT_ABILITY',        0),
		( 'MODIFIER_HONEY_MACGUFFIN_PASSIVE_ANTI_CAVALRY_BUFF',				 'MODIFIER_UNIT_ADJUST_COMBAT_STRENGTH',        0),
		( 'MODIFIER_HONEY_MACGUFFIN_PASSIVE_ANTI_CAVALRY_BUFF_TIER2_ABILITY_GRANTER', 'MODIFIER_PLAYER_UNITS_GRANT_ABILITY',        0),
		( 'MODIFIER_HONEY_MACGUFFIN_PASSIVE_ANTI_CAVALRY_BUFF_TIER2',				 'MODIFIER_UNIT_ADJUST_COMBAT_STRENGTH',        0),
		( 'MODIFIER_HONEY_MACGUFFIN_PASSIVE_ANTI_CAVALRY_BUFF_TIER3_ABILITY_GRANTER', 'MODIFIER_PLAYER_UNITS_GRANT_ABILITY',        0),
		( 'MODIFIER_HONEY_MACGUFFIN_PASSIVE_ANTI_CAVALRY_BUFF_TIER3',				 'MODIFIER_UNIT_ADJUST_COMBAT_STRENGTH',        0),
		
		( 'MODIFIER_HONEY_MACGUFFIN_PASSIVE_ALL_LAND_COMBAT_BUFF_ABILITY_GRANTER', 'MODIFIER_PLAYER_UNITS_GRANT_ABILITY',        0),
		( 'MODIFIER_HONEY_MACGUFFIN_PASSIVE_ALL_LAND_COMBAT_BUFF',				 'MODIFIER_UNIT_ADJUST_COMBAT_STRENGTH',        0),
		( 'MODIFIER_HONEY_MACGUFFIN_PASSIVE_ALL_LAND_COMBAT_BUFF_TIER2_ABILITY_GRANTER', 'MODIFIER_PLAYER_UNITS_GRANT_ABILITY',        0),
		( 'MODIFIER_HONEY_MACGUFFIN_PASSIVE_ALL_LAND_COMBAT_BUFF_TIER2',				 'MODIFIER_UNIT_ADJUST_COMBAT_STRENGTH',        0),
		( 'MODIFIER_HONEY_MACGUFFIN_PASSIVE_ALL_LAND_COMBAT_BUFF_TIER3_ABILITY_GRANTER', 'MODIFIER_PLAYER_UNITS_GRANT_ABILITY',        0),
		( 'MODIFIER_HONEY_MACGUFFIN_PASSIVE_ALL_LAND_COMBAT_BUFF_TIER3',				 'MODIFIER_UNIT_ADJUST_COMBAT_STRENGTH',        0);


INSERT INTO UnitAbilities
		( UnitAbilityType,									Name,																	 Description,  Inactive )
VALUES  (  'ABILITY_HONEY_MACGUFFIN_PASSIVE_MELEE_BUFF',  'LOC_ABILITY_HONEY_MACGUFFIN_PASSIVE_MELEE_BUFF_NAME', 'LOC_ABILITY_HONEY_MACGUFFIN_PASSIVE_MELEE_BUFF_DESC', 1 ),
		(  'ABILITY_HONEY_MACGUFFIN_PASSIVE_MELEE_BUFF_TIER2',  'LOC_ABILITY_HONEY_MACGUFFIN_PASSIVE_MELEE_BUFF_TIER2_NAME', 'LOC_ABILITY_HONEY_MACGUFFIN_PASSIVE_MELEE_BUFF_TIER2_DESC', 1 ),
		(  'ABILITY_HONEY_MACGUFFIN_PASSIVE_MELEE_BUFF_TIER3',  'LOC_ABILITY_HONEY_MACGUFFIN_PASSIVE_MELEE_BUFF_TIER3_NAME', 'LOC_ABILITY_HONEY_MACGUFFIN_PASSIVE_MELEE_BUFF_TIER3_DESC', 1 ),
		
		(  'ABILITY_HONEY_MACGUFFIN_PASSIVE_LIGHT_CAVALRY_BUFF',  'LOC_ABILITY_HONEY_MACGUFFIN_PASSIVE_LIGHT_CAVALRY_BUFF_NAME', 'LOC_ABILITY_HONEY_MACGUFFIN_PASSIVE_LIGHT_CAVALRY_BUFF_DESC', 1 ),
		(  'ABILITY_HONEY_MACGUFFIN_PASSIVE_LIGHT_CAVALRY_BUFF_TIER2',  'LOC_ABILITY_HONEY_MACGUFFIN_PASSIVE_LIGHT_CAVALRY_BUFF_TIER2_NAME', 'LOC_ABILITY_HONEY_MACGUFFIN_PASSIVE_LIGHT_CAVALRY_BUFF_TIER2_DESC', 1 ),
		(  'ABILITY_HONEY_MACGUFFIN_PASSIVE_LIGHT_CAVALRY_BUFF_TIER3',  'LOC_ABILITY_HONEY_MACGUFFIN_PASSIVE_LIGHT_CAVALRY_BUFF_TIER3_NAME', 'LOC_ABILITY_HONEY_MACGUFFIN_PASSIVE_LIGHT_CAVALRY_BUFF_TIER3_DESC', 1 ),
		
		(  'ABILITY_HONEY_MACGUFFIN_PASSIVE_HEAVY_CAVALRY_BUFF',  'LOC_ABILITY_HONEY_MACGUFFIN_PASSIVE_HEAVY_CAVALRY_BUFF_NAME', 'LOC_ABILITY_HONEY_MACGUFFIN_PASSIVE_HEAVY_CAVALRY_BUFF_DESC', 1 ),
		(  'ABILITY_HONEY_MACGUFFIN_PASSIVE_HEAVY_CAVALRY_BUFF_TIER2',  'LOC_ABILITY_HONEY_MACGUFFIN_PASSIVE_HEAVY_CAVALRY_BUFF_TIER2_NAME', 'LOC_ABILITY_HONEY_MACGUFFIN_PASSIVE_HEAVY_CAVALRY_BUFF_TIER2_DESC', 1 ),
		(  'ABILITY_HONEY_MACGUFFIN_PASSIVE_HEAVY_CAVALRY_BUFF_TIER3',  'LOC_ABILITY_HONEY_MACGUFFIN_PASSIVE_HEAVY_CAVALRY_BUFF_TIER3_NAME', 'LOC_ABILITY_HONEY_MACGUFFIN_PASSIVE_HEAVY_CAVALRY_BUFF_TIER3_DESC', 1 ),
		
		(  'ABILITY_HONEY_MACGUFFIN_PASSIVE_SIEGE_BUFF',  'LOC_ABILITY_HONEY_MACGUFFIN_PASSIVE_SIEGE_BUFF_NAME', 'LOC_ABILITY_HONEY_MACGUFFIN_PASSIVE_SIEGE_BUFF_DESC', 1 ),
		(  'ABILITY_HONEY_MACGUFFIN_PASSIVE_SIEGE_BUFF_TIER2',  'LOC_ABILITY_HONEY_MACGUFFIN_PASSIVE_SIEGE_BUFF_TIER2_NAME', 'LOC_ABILITY_HONEY_MACGUFFIN_PASSIVE_SIEGE_BUFF_TIER2_DESC', 1 ),
		(  'ABILITY_HONEY_MACGUFFIN_PASSIVE_SIEGE_BUFF_TIER3',  'LOC_ABILITY_HONEY_MACGUFFIN_PASSIVE_SIEGE_BUFF_TIER3_NAME', 'LOC_ABILITY_HONEY_MACGUFFIN_PASSIVE_SIEGE_BUFF_TIER3_DESC', 1 ),
		
		(  'ABILITY_HONEY_MACGUFFIN_PASSIVE_RANGED_BUFF',  'LOC_ABILITY_HONEY_MACGUFFIN_PASSIVE_RANGED_BUFF_NAME', 'LOC_ABILITY_HONEY_MACGUFFIN_PASSIVE_RANGED_BUFF_DESC', 1 ),
		(  'ABILITY_HONEY_MACGUFFIN_PASSIVE_RANGED_BUFF_TIER2',  'LOC_ABILITY_HONEY_MACGUFFIN_PASSIVE_RANGED_BUFF_TIER2_NAME', 'LOC_ABILITY_HONEY_MACGUFFIN_PASSIVE_RANGED_BUFF_TIER2_DESC', 1 ),
		(  'ABILITY_HONEY_MACGUFFIN_PASSIVE_RANGED_BUFF_TIER3',  'LOC_ABILITY_HONEY_MACGUFFIN_PASSIVE_RANGED_BUFF_TIER3_NAME', 'LOC_ABILITY_HONEY_MACGUFFIN_PASSIVE_RANGED_BUFF_TIER3_DESC', 1 ),
		
		(  'ABILITY_HONEY_MACGUFFIN_PASSIVE_RECON_BUFF',  'LOC_ABILITY_HONEY_MACGUFFIN_PASSIVE_RECON_BUFF_NAME', 'LOC_ABILITY_HONEY_MACGUFFIN_PASSIVE_RECON_BUFF_DESC', 1 ),
		(  'ABILITY_HONEY_MACGUFFIN_PASSIVE_RECON_BUFF_TIER2',  'LOC_ABILITY_HONEY_MACGUFFIN_PASSIVE_RECON_BUFF_TIER2_NAME', 'LOC_ABILITY_HONEY_MACGUFFIN_PASSIVE_RECON_BUFF_TIER2_DESC', 1 ),
		(  'ABILITY_HONEY_MACGUFFIN_PASSIVE_RECON_BUFF_TIER3',  'LOC_ABILITY_HONEY_MACGUFFIN_PASSIVE_RECON_BUFF_TIER3_NAME', 'LOC_ABILITY_HONEY_MACGUFFIN_PASSIVE_RECON_BUFF_TIER3_DESC', 1 ),
		
		(  'ABILITY_HONEY_MACGUFFIN_PASSIVE_ANTI_CAVALRY_BUFF',  'LOC_ABILITY_HONEY_MACGUFFIN_PASSIVE_ANTI_CAVALRY_BUFF_NAME', 'LOC_ABILITY_HONEY_MACGUFFIN_PASSIVE_ANTI_CAVALRY_BUFF_DESC', 1 ),
		(  'ABILITY_HONEY_MACGUFFIN_PASSIVE_ANTI_CAVALRY_BUFF_TIER2',  'LOC_ABILITY_HONEY_MACGUFFIN_PASSIVE_ANTI_CAVALRY_BUFF_TIER2_NAME', 'LOC_ABILITY_HONEY_MACGUFFIN_PASSIVE_ANTI_CAVALRY_BUFF_TIER2_DESC', 1 ),
		(  'ABILITY_HONEY_MACGUFFIN_PASSIVE_ANTI_CAVALRY_BUFF_TIER3',  'LOC_ABILITY_HONEY_MACGUFFIN_PASSIVE_ANTI_CAVALRY_BUFF_TIER3_NAME', 'LOC_ABILITY_HONEY_MACGUFFIN_PASSIVE_ANTI_CAVALRY_BUFF_TIER3_DESC', 1 ),
		
		(  'ABILITY_HONEY_MACGUFFIN_PASSIVE_ALL_LAND_COMBAT_BUFF',  'LOC_ABILITY_HONEY_MACGUFFIN_PASSIVE_ALL_LAND_COMBAT_BUFF_NAME', 'LOC_ABILITY_HONEY_MACGUFFIN_PASSIVE_ALL_LAND_COMBAT_BUFF_DESC', 1 ),
		(  'ABILITY_HONEY_MACGUFFIN_PASSIVE_ALL_LAND_COMBAT_BUFF_TIER2',  'LOC_ABILITY_HONEY_MACGUFFIN_PASSIVE_ALL_LAND_COMBAT_BUFF_TIER2_NAME', 'LOC_ABILITY_HONEY_MACGUFFIN_PASSIVE_ALL_LAND_COMBAT_BUFF_TIER2_DESC', 1 ),
		(  'ABILITY_HONEY_MACGUFFIN_PASSIVE_ALL_LAND_COMBAT_BUFF_TIER3',  'LOC_ABILITY_HONEY_MACGUFFIN_PASSIVE_ALL_LAND_COMBAT_BUFF_TIER3_NAME', 'LOC_ABILITY_HONEY_MACGUFFIN_PASSIVE_ALL_LAND_COMBAT_BUFF_TIER3_DESC', 1 );

INSERT INTO UnitAbilityModifiers
		(UnitAbilityType, ModifierId)
VALUES  ('ABILITY_HONEY_MACGUFFIN_PASSIVE_MELEE_BUFF',  'MODIFIER_HONEY_MACGUFFIN_PASSIVE_MELEE_BUFF'),
		('ABILITY_HONEY_MACGUFFIN_PASSIVE_MELEE_BUFF_TIER2',  'MODIFIER_HONEY_MACGUFFIN_PASSIVE_MELEE_BUFF_TIER2'),
		('ABILITY_HONEY_MACGUFFIN_PASSIVE_MELEE_BUFF_TIER3',  'MODIFIER_HONEY_MACGUFFIN_PASSIVE_MELEE_BUFF_TIER3'),
		
		('ABILITY_HONEY_MACGUFFIN_PASSIVE_LIGHT_CAVALRY_BUFF',  'MODIFIER_HONEY_MACGUFFIN_PASSIVE_LIGHT_CAVALRY_BUFF'),
		('ABILITY_HONEY_MACGUFFIN_PASSIVE_LIGHT_CAVALRY_BUFF_TIER2',  'MODIFIER_HONEY_MACGUFFIN_PASSIVE_LIGHT_CAVALRY_BUFF_TIER2'),
		('ABILITY_HONEY_MACGUFFIN_PASSIVE_LIGHT_CAVALRY_BUFF_TIER3',  'MODIFIER_HONEY_MACGUFFIN_PASSIVE_LIGHT_CAVALRY_BUFF_TIER3'),
		
		('ABILITY_HONEY_MACGUFFIN_PASSIVE_HEAVY_CAVALRY_BUFF',  'MODIFIER_HONEY_MACGUFFIN_PASSIVE_HEAVY_CAVALRY_BUFF'),
		('ABILITY_HONEY_MACGUFFIN_PASSIVE_HEAVY_CAVALRY_BUFF_TIER2',  'MODIFIER_HONEY_MACGUFFIN_PASSIVE_HEAVY_CAVALRY_BUFF_TIER2'),
		('ABILITY_HONEY_MACGUFFIN_PASSIVE_HEAVY_CAVALRY_BUFF_TIER3',  'MODIFIER_HONEY_MACGUFFIN_PASSIVE_HEAVY_CAVALRY_BUFF_TIER3'),
		
		('ABILITY_HONEY_MACGUFFIN_PASSIVE_SIEGE_BUFF',  'MODIFIER_HONEY_MACGUFFIN_PASSIVE_SIEGE_BUFF'),
		('ABILITY_HONEY_MACGUFFIN_PASSIVE_SIEGE_BUFF_TIER2',  'MODIFIER_HONEY_MACGUFFIN_PASSIVE_SIEGE_BUFF_TIER2'),
		('ABILITY_HONEY_MACGUFFIN_PASSIVE_SIEGE_BUFF_TIER3',  'MODIFIER_HONEY_MACGUFFIN_PASSIVE_SIEGE_BUFF_TIER3'),
		
		('ABILITY_HONEY_MACGUFFIN_PASSIVE_RANGED_BUFF',  'MODIFIER_HONEY_MACGUFFIN_PASSIVE_RANGED_BUFF'),
		('ABILITY_HONEY_MACGUFFIN_PASSIVE_RANGED_BUFF_TIER2',  'MODIFIER_HONEY_MACGUFFIN_PASSIVE_RANGED_BUFF_TIER2'),
		('ABILITY_HONEY_MACGUFFIN_PASSIVE_RANGED_BUFF_TIER3',  'MODIFIER_HONEY_MACGUFFIN_PASSIVE_RANGED_BUFF_TIER3'),
		
		('ABILITY_HONEY_MACGUFFIN_PASSIVE_RECON_BUFF',  'MODIFIER_HONEY_MACGUFFIN_PASSIVE_RECON_BUFF'),
		('ABILITY_HONEY_MACGUFFIN_PASSIVE_RECON_BUFF_TIER2',  'MODIFIER_HONEY_MACGUFFIN_PASSIVE_RECON_BUFF_TIER2'),
		('ABILITY_HONEY_MACGUFFIN_PASSIVE_RECON_BUFF_TIER3',  'MODIFIER_HONEY_MACGUFFIN_PASSIVE_RECON_BUFF_TIER3'),
		
		('ABILITY_HONEY_MACGUFFIN_PASSIVE_ANTI_CAVALRY_BUFF',  'MODIFIER_HONEY_MACGUFFIN_PASSIVE_ANTI_CAVALRY_BUFF'),
		('ABILITY_HONEY_MACGUFFIN_PASSIVE_ANTI_CAVALRY_BUFF_TIER2',  'MODIFIER_HONEY_MACGUFFIN_PASSIVE_ANTI_CAVALRY_BUFF_TIER2'),
		('ABILITY_HONEY_MACGUFFIN_PASSIVE_ANTI_CAVALRY_BUFF_TIER3',  'MODIFIER_HONEY_MACGUFFIN_PASSIVE_ANTI_CAVALRY_BUFF_TIER3'),
		
		('ABILITY_HONEY_MACGUFFIN_PASSIVE_ALL_LAND_COMBAT_BUFF',  'MODIFIER_HONEY_MACGUFFIN_PASSIVE_ALL_LAND_COMBAT_BUFF'),
		('ABILITY_HONEY_MACGUFFIN_PASSIVE_ALL_LAND_COMBAT_BUFF_TIER2',  'MODIFIER_HONEY_MACGUFFIN_PASSIVE_ALL_LAND_COMBAT_BUFF_TIER2'),
		('ABILITY_HONEY_MACGUFFIN_PASSIVE_ALL_LAND_COMBAT_BUFF_TIER3',  'MODIFIER_HONEY_MACGUFFIN_PASSIVE_ALL_LAND_COMBAT_BUFF_TIER3');


INSERT INTO GreatPersonIndividuals
			(GreatPersonIndividualType,						Name,						GreatPersonClassType,			 eraType,					Gender,		 ActionCharges,            ActionEffectTextOverride)
VALUES ('GREAT_PERSON_HONEY_MACGUFFIN_PASSIVE_MELEE_BUFF_GP', 'LOC_GREAT_PERSON_HONEY_MACGUFFIN_GP_NAME',  'GREAT_PERSON_HONEY_MACGUFFIN_GP' ,     'HONEY_MACGUFFIN_DUMMY_ERA',        'M',            0,					'LOC_GREAT_PERSON_HONEY_MACGUFFIN_ACTION'),
	   ('GREAT_PERSON_HONEY_MACGUFFIN_PASSIVE_MELEE_BUFF_TIER2_GP', 'LOC_GREAT_PERSON_HONEY_MACGUFFIN_GP_NAME',  'GREAT_PERSON_HONEY_MACGUFFIN_GP' ,     'HONEY_MACGUFFIN_DUMMY_ERA',        'M',            0,					'LOC_GREAT_PERSON_HONEY_MACGUFFIN_ACTION'),
	   ('GREAT_PERSON_HONEY_MACGUFFIN_PASSIVE_MELEE_BUFF_TIER3_GP', 'LOC_GREAT_PERSON_HONEY_MACGUFFIN_GP_NAME',  'GREAT_PERSON_HONEY_MACGUFFIN_GP' ,     'HONEY_MACGUFFIN_DUMMY_ERA',        'M',            0,					'LOC_GREAT_PERSON_HONEY_MACGUFFIN_ACTION'),
	   
	   ('GREAT_PERSON_HONEY_MACGUFFIN_PASSIVE_LIGHT_CAVALRY_BUFF_GP', 'LOC_GREAT_PERSON_HONEY_MACGUFFIN_GP_NAME',  'GREAT_PERSON_HONEY_MACGUFFIN_GP' ,     'HONEY_MACGUFFIN_DUMMY_ERA',        'M',            0,					'LOC_GREAT_PERSON_HONEY_MACGUFFIN_ACTION'),
	   ('GREAT_PERSON_HONEY_MACGUFFIN_PASSIVE_LIGHT_CAVALRY_BUFF_TIER2_GP', 'LOC_GREAT_PERSON_HONEY_MACGUFFIN_GP_NAME',  'GREAT_PERSON_HONEY_MACGUFFIN_GP' ,     'HONEY_MACGUFFIN_DUMMY_ERA',        'M',            0,					'LOC_GREAT_PERSON_HONEY_MACGUFFIN_ACTION'),
	   ('GREAT_PERSON_HONEY_MACGUFFIN_PASSIVE_LIGHT_CAVALRY_BUFF_TIER3_GP', 'LOC_GREAT_PERSON_HONEY_MACGUFFIN_GP_NAME',  'GREAT_PERSON_HONEY_MACGUFFIN_GP' ,     'HONEY_MACGUFFIN_DUMMY_ERA',        'M',            0,					'LOC_GREAT_PERSON_HONEY_MACGUFFIN_ACTION'),
	   
	   ('GREAT_PERSON_HONEY_MACGUFFIN_PASSIVE_HEAVY_CAVALRY_BUFF_GP', 'LOC_GREAT_PERSON_HONEY_MACGUFFIN_GP_NAME',  'GREAT_PERSON_HONEY_MACGUFFIN_GP' ,     'HONEY_MACGUFFIN_DUMMY_ERA',        'M',            0,					'LOC_GREAT_PERSON_HONEY_MACGUFFIN_ACTION'),
	   ('GREAT_PERSON_HONEY_MACGUFFIN_PASSIVE_HEAVY_CAVALRY_BUFF_TIER2_GP', 'LOC_GREAT_PERSON_HONEY_MACGUFFIN_GP_NAME',  'GREAT_PERSON_HONEY_MACGUFFIN_GP' ,     'HONEY_MACGUFFIN_DUMMY_ERA',        'M',            0,					'LOC_GREAT_PERSON_HONEY_MACGUFFIN_ACTION'),
	   ('GREAT_PERSON_HONEY_MACGUFFIN_PASSIVE_HEAVY_CAVALRY_BUFF_TIER3_GP', 'LOC_GREAT_PERSON_HONEY_MACGUFFIN_GP_NAME',  'GREAT_PERSON_HONEY_MACGUFFIN_GP' ,     'HONEY_MACGUFFIN_DUMMY_ERA',        'M',            0,					'LOC_GREAT_PERSON_HONEY_MACGUFFIN_ACTION'),
	   
	   ('GREAT_PERSON_HONEY_MACGUFFIN_PASSIVE_SIEGE_BUFF_GP', 'LOC_GREAT_PERSON_HONEY_MACGUFFIN_GP_NAME',  'GREAT_PERSON_HONEY_MACGUFFIN_GP' ,     'HONEY_MACGUFFIN_DUMMY_ERA',        'M',            0,					'LOC_GREAT_PERSON_HONEY_MACGUFFIN_ACTION'),
	   ('GREAT_PERSON_HONEY_MACGUFFIN_PASSIVE_SIEGE_BUFF_TIER2_GP', 'LOC_GREAT_PERSON_HONEY_MACGUFFIN_GP_NAME',  'GREAT_PERSON_HONEY_MACGUFFIN_GP' ,     'HONEY_MACGUFFIN_DUMMY_ERA',        'M',            0,					'LOC_GREAT_PERSON_HONEY_MACGUFFIN_ACTION'),
	   ('GREAT_PERSON_HONEY_MACGUFFIN_PASSIVE_SIEGE_BUFF_TIER3_GP', 'LOC_GREAT_PERSON_HONEY_MACGUFFIN_GP_NAME',  'GREAT_PERSON_HONEY_MACGUFFIN_GP' ,     'HONEY_MACGUFFIN_DUMMY_ERA',        'M',            0,					'LOC_GREAT_PERSON_HONEY_MACGUFFIN_ACTION'),
	   
	   ('GREAT_PERSON_HONEY_MACGUFFIN_PASSIVE_RANGED_BUFF_GP', 'LOC_GREAT_PERSON_HONEY_MACGUFFIN_GP_NAME',  'GREAT_PERSON_HONEY_MACGUFFIN_GP' ,     'HONEY_MACGUFFIN_DUMMY_ERA',        'M',            0,					'LOC_GREAT_PERSON_HONEY_MACGUFFIN_ACTION'),
	   ('GREAT_PERSON_HONEY_MACGUFFIN_PASSIVE_RANGED_BUFF_TIER2_GP', 'LOC_GREAT_PERSON_HONEY_MACGUFFIN_GP_NAME',  'GREAT_PERSON_HONEY_MACGUFFIN_GP' ,     'HONEY_MACGUFFIN_DUMMY_ERA',        'M',            0,					'LOC_GREAT_PERSON_HONEY_MACGUFFIN_ACTION'),
	   ('GREAT_PERSON_HONEY_MACGUFFIN_PASSIVE_RANGED_BUFF_TIER3_GP', 'LOC_GREAT_PERSON_HONEY_MACGUFFIN_GP_NAME',  'GREAT_PERSON_HONEY_MACGUFFIN_GP' ,     'HONEY_MACGUFFIN_DUMMY_ERA',        'M',            0,					'LOC_GREAT_PERSON_HONEY_MACGUFFIN_ACTION'),
	   
	   ('GREAT_PERSON_HONEY_MACGUFFIN_PASSIVE_RECON_BUFF_GP', 'LOC_GREAT_PERSON_HONEY_MACGUFFIN_GP_NAME',  'GREAT_PERSON_HONEY_MACGUFFIN_GP' ,     'HONEY_MACGUFFIN_DUMMY_ERA',        'M',            0,					'LOC_GREAT_PERSON_HONEY_MACGUFFIN_ACTION'),
	   ('GREAT_PERSON_HONEY_MACGUFFIN_PASSIVE_RECON_BUFF_TIER2_GP', 'LOC_GREAT_PERSON_HONEY_MACGUFFIN_GP_NAME',  'GREAT_PERSON_HONEY_MACGUFFIN_GP' ,     'HONEY_MACGUFFIN_DUMMY_ERA',        'M',            0,					'LOC_GREAT_PERSON_HONEY_MACGUFFIN_ACTION'),
	   ('GREAT_PERSON_HONEY_MACGUFFIN_PASSIVE_RECON_BUFF_TIER3_GP', 'LOC_GREAT_PERSON_HONEY_MACGUFFIN_GP_NAME',  'GREAT_PERSON_HONEY_MACGUFFIN_GP' ,     'HONEY_MACGUFFIN_DUMMY_ERA',        'M',            0,					'LOC_GREAT_PERSON_HONEY_MACGUFFIN_ACTION'),
	   
	   ('GREAT_PERSON_HONEY_MACGUFFIN_PASSIVE_ANTI_CAVALRY_BUFF_GP', 'LOC_GREAT_PERSON_HONEY_MACGUFFIN_GP_NAME',  'GREAT_PERSON_HONEY_MACGUFFIN_GP' ,     'HONEY_MACGUFFIN_DUMMY_ERA',        'M',            0,					'LOC_GREAT_PERSON_HONEY_MACGUFFIN_ACTION'),
	   ('GREAT_PERSON_HONEY_MACGUFFIN_PASSIVE_ANTI_CAVALRY_BUFF_TIER2_GP', 'LOC_GREAT_PERSON_HONEY_MACGUFFIN_GP_NAME',  'GREAT_PERSON_HONEY_MACGUFFIN_GP' ,     'HONEY_MACGUFFIN_DUMMY_ERA',        'M',            0,					'LOC_GREAT_PERSON_HONEY_MACGUFFIN_ACTION'),
	   ('GREAT_PERSON_HONEY_MACGUFFIN_PASSIVE_ANTI_CAVALRY_BUFF_TIER3_GP', 'LOC_GREAT_PERSON_HONEY_MACGUFFIN_GP_NAME',  'GREAT_PERSON_HONEY_MACGUFFIN_GP' ,     'HONEY_MACGUFFIN_DUMMY_ERA',        'M',            0,					'LOC_GREAT_PERSON_HONEY_MACGUFFIN_ACTION'),
	   
	    ('GREAT_PERSON_HONEY_MACGUFFIN_PASSIVE_ALL_LAND_COMBAT_BUFF_GP', 'LOC_GREAT_PERSON_HONEY_MACGUFFIN_GP_NAME',  'GREAT_PERSON_HONEY_MACGUFFIN_GP' ,     'HONEY_MACGUFFIN_DUMMY_ERA',        'M',            0,					'LOC_GREAT_PERSON_HONEY_MACGUFFIN_ACTION'),
	   ('GREAT_PERSON_HONEY_MACGUFFIN_PASSIVE_ALL_LAND_COMBAT_BUFF_TIER2_GP', 'LOC_GREAT_PERSON_HONEY_MACGUFFIN_GP_NAME',  'GREAT_PERSON_HONEY_MACGUFFIN_GP' ,     'HONEY_MACGUFFIN_DUMMY_ERA',        'M',            0,					'LOC_GREAT_PERSON_HONEY_MACGUFFIN_ACTION'),
	   ('GREAT_PERSON_HONEY_MACGUFFIN_PASSIVE_ALL_LAND_COMBAT_BUFF_TIER3_GP', 'LOC_GREAT_PERSON_HONEY_MACGUFFIN_GP_NAME',  'GREAT_PERSON_HONEY_MACGUFFIN_GP' ,     'HONEY_MACGUFFIN_DUMMY_ERA',        'M',            0,					'LOC_GREAT_PERSON_HONEY_MACGUFFIN_ACTION');

INSERT INTO GreatWorks
		(GreatWorkType,																										 Name,									      GreatPersonIndividualType,							 GreatWorkObjectType,																			 Quote ,          Tourism )
VALUES  ('GREATWORK_GREATWORKOBJECT_HONEY_MACGUFFIN_PASSIVE_MELEE_BUFF',     'LOC_GREATWORK_GREATWORKOBJECT_HONEY_MACGUFFIN_PASSIVE_MELEE_BUFF_NAME',   'GREAT_PERSON_HONEY_MACGUFFIN_PASSIVE_MELEE_BUFF_GP',			'GREATWORKOBJECT_HONEY_MACGUFFIN_PASSIVE',										'LOC_GREATWORK_HOMER_2_QUOTE',           0 ),
		('GREATWORK_GREATWORKOBJECT_HONEY_MACGUFFIN_PASSIVE_MELEE_BUFF_TIER2',     'LOC_GREATWORK_GREATWORKOBJECT_HONEY_MACGUFFIN_PASSIVE_MELEE_BUFF_TIER2_NAME',   'GREAT_PERSON_HONEY_MACGUFFIN_PASSIVE_MELEE_BUFF_TIER2_GP',			'GREATWORKOBJECT_HONEY_MACGUFFIN_PASSIVE',										'LOC_GREATWORK_HOMER_2_QUOTE',           0 ),
		('GREATWORK_GREATWORKOBJECT_HONEY_MACGUFFIN_PASSIVE_MELEE_BUFF_TIER3',     'LOC_GREATWORK_GREATWORKOBJECT_HONEY_MACGUFFIN_PASSIVE_MELEE_BUFF_TIER3_NAME',   'GREAT_PERSON_HONEY_MACGUFFIN_PASSIVE_MELEE_BUFF_TIER3_GP',			'GREATWORKOBJECT_HONEY_MACGUFFIN_PASSIVE',										'LOC_GREATWORK_HOMER_2_QUOTE',           0 ),
		
		('GREATWORK_GREATWORKOBJECT_HONEY_MACGUFFIN_PASSIVE_LIGHT_CAVALRY_BUFF',     'LOC_GREATWORK_GREATWORKOBJECT_HONEY_MACGUFFIN_PASSIVE_LIGHT_CAVALRY_BUFF_NAME',   'GREAT_PERSON_HONEY_MACGUFFIN_PASSIVE_LIGHT_CAVALRY_BUFF_GP',			'GREATWORKOBJECT_HONEY_MACGUFFIN_PASSIVE',										'LOC_GREATWORK_HOMER_2_QUOTE',           0 ),
		('GREATWORK_GREATWORKOBJECT_HONEY_MACGUFFIN_PASSIVE_LIGHT_CAVALRY_BUFF_TIER2',     'LOC_GREATWORK_GREATWORKOBJECT_HONEY_MACGUFFIN_PASSIVE_LIGHT_CAVALRY_BUFF_TIER2_NAME',   'GREAT_PERSON_HONEY_MACGUFFIN_PASSIVE_LIGHT_CAVALRY_BUFF_TIER2_GP',			'GREATWORKOBJECT_HONEY_MACGUFFIN_PASSIVE',										'LOC_GREATWORK_HOMER_2_QUOTE',           0 ),
		('GREATWORK_GREATWORKOBJECT_HONEY_MACGUFFIN_PASSIVE_LIGHT_CAVALRY_BUFF_TIER3',     'LOC_GREATWORK_GREATWORKOBJECT_HONEY_MACGUFFIN_PASSIVE_LIGHT_CAVALRY_BUFF_TIER3_NAME',   'GREAT_PERSON_HONEY_MACGUFFIN_PASSIVE_LIGHT_CAVALRY_BUFF_TIER3_GP',			'GREATWORKOBJECT_HONEY_MACGUFFIN_PASSIVE',										'LOC_GREATWORK_HOMER_2_QUOTE',           0 ),
		
		('GREATWORK_GREATWORKOBJECT_HONEY_MACGUFFIN_PASSIVE_HEAVY_CAVALRY_BUFF',     'LOC_GREATWORK_GREATWORKOBJECT_HONEY_MACGUFFIN_PASSIVE_HEAVY_CAVALRY_BUFF_NAME',   'GREAT_PERSON_HONEY_MACGUFFIN_PASSIVE_HEAVY_CAVALRY_BUFF_GP',			'GREATWORKOBJECT_HONEY_MACGUFFIN_PASSIVE',										'LOC_GREATWORK_HOMER_2_QUOTE',           0 ),
		('GREATWORK_GREATWORKOBJECT_HONEY_MACGUFFIN_PASSIVE_HEAVY_CAVALRY_BUFF_TIER2',     'LOC_GREATWORK_GREATWORKOBJECT_HONEY_MACGUFFIN_PASSIVE_HEAVY_CAVALRY_BUFF_TIER2_NAME',   'GREAT_PERSON_HONEY_MACGUFFIN_PASSIVE_HEAVY_CAVALRY_BUFF_TIER2_GP',			'GREATWORKOBJECT_HONEY_MACGUFFIN_PASSIVE',										'LOC_GREATWORK_HOMER_2_QUOTE',           0 ),
		('GREATWORK_GREATWORKOBJECT_HONEY_MACGUFFIN_PASSIVE_HEAVY_CAVALRY_BUFF_TIER3',     'LOC_GREATWORK_GREATWORKOBJECT_HONEY_MACGUFFIN_PASSIVE_HEAVY_CAVALRY_BUFF_TIER3_NAME',   'GREAT_PERSON_HONEY_MACGUFFIN_PASSIVE_HEAVY_CAVALRY_BUFF_TIER3_GP',			'GREATWORKOBJECT_HONEY_MACGUFFIN_PASSIVE',										'LOC_GREATWORK_HOMER_2_QUOTE',           0 ),
		
		('GREATWORK_GREATWORKOBJECT_HONEY_MACGUFFIN_PASSIVE_SIEGE_BUFF',     'LOC_GREATWORK_GREATWORKOBJECT_HONEY_MACGUFFIN_PASSIVE_SIEGE_BUFF_NAME',   'GREAT_PERSON_HONEY_MACGUFFIN_PASSIVE_SIEGE_BUFF_GP',			'GREATWORKOBJECT_HONEY_MACGUFFIN_PASSIVE',										'LOC_GREATWORK_HOMER_2_QUOTE',           0 ),
		('GREATWORK_GREATWORKOBJECT_HONEY_MACGUFFIN_PASSIVE_SIEGE_BUFF_TIER2',     'LOC_GREATWORK_GREATWORKOBJECT_HONEY_MACGUFFIN_PASSIVE_SIEGE_BUFF_TIER2_NAME',   'GREAT_PERSON_HONEY_MACGUFFIN_PASSIVE_SIEGE_BUFF_TIER2_GP',			'GREATWORKOBJECT_HONEY_MACGUFFIN_PASSIVE',										'LOC_GREATWORK_HOMER_2_QUOTE',           0 ),
		('GREATWORK_GREATWORKOBJECT_HONEY_MACGUFFIN_PASSIVE_SIEGE_BUFF_TIER3',     'LOC_GREATWORK_GREATWORKOBJECT_HONEY_MACGUFFIN_PASSIVE_SIEGE_BUFF_TIER3_NAME',   'GREAT_PERSON_HONEY_MACGUFFIN_PASSIVE_SIEGE_BUFF_TIER3_GP',			'GREATWORKOBJECT_HONEY_MACGUFFIN_PASSIVE',										'LOC_GREATWORK_HOMER_2_QUOTE',           0 ),
		
		('GREATWORK_GREATWORKOBJECT_HONEY_MACGUFFIN_PASSIVE_RANGED_BUFF',     'LOC_GREATWORK_GREATWORKOBJECT_HONEY_MACGUFFIN_PASSIVE_RANGED_BUFF_NAME',   'GREAT_PERSON_HONEY_MACGUFFIN_PASSIVE_RANGED_BUFF_GP',			'GREATWORKOBJECT_HONEY_MACGUFFIN_PASSIVE',										'LOC_GREATWORK_HOMER_2_QUOTE',           0 ),
		('GREATWORK_GREATWORKOBJECT_HONEY_MACGUFFIN_PASSIVE_RANGED_BUFF_TIER2',     'LOC_GREATWORK_GREATWORKOBJECT_HONEY_MACGUFFIN_PASSIVE_RANGED_BUFF_TIER2_NAME',   'GREAT_PERSON_HONEY_MACGUFFIN_PASSIVE_RANGED_BUFF_TIER2_GP',			'GREATWORKOBJECT_HONEY_MACGUFFIN_PASSIVE',										'LOC_GREATWORK_HOMER_2_QUOTE',           0 ),
		('GREATWORK_GREATWORKOBJECT_HONEY_MACGUFFIN_PASSIVE_RANGED_BUFF_TIER3',     'LOC_GREATWORK_GREATWORKOBJECT_HONEY_MACGUFFIN_PASSIVE_RANGED_BUFF_TIER3_NAME',   'GREAT_PERSON_HONEY_MACGUFFIN_PASSIVE_RANGED_BUFF_TIER3_GP',			'GREATWORKOBJECT_HONEY_MACGUFFIN_PASSIVE',										'LOC_GREATWORK_HOMER_2_QUOTE',           0 ),
		
		('GREATWORK_GREATWORKOBJECT_HONEY_MACGUFFIN_PASSIVE_RECON_BUFF',     'LOC_GREATWORK_GREATWORKOBJECT_HONEY_MACGUFFIN_PASSIVE_RECON_BUFF_NAME',   'GREAT_PERSON_HONEY_MACGUFFIN_PASSIVE_RECON_BUFF_GP',			'GREATWORKOBJECT_HONEY_MACGUFFIN_PASSIVE',										'LOC_GREATWORK_HOMER_2_QUOTE',           0 ),
		('GREATWORK_GREATWORKOBJECT_HONEY_MACGUFFIN_PASSIVE_RECON_BUFF_TIER2',     'LOC_GREATWORK_GREATWORKOBJECT_HONEY_MACGUFFIN_PASSIVE_RECON_BUFF_TIER2_NAME',   'GREAT_PERSON_HONEY_MACGUFFIN_PASSIVE_RECON_BUFF_TIER2_GP',			'GREATWORKOBJECT_HONEY_MACGUFFIN_PASSIVE',										'LOC_GREATWORK_HOMER_2_QUOTE',           0 ),
		('GREATWORK_GREATWORKOBJECT_HONEY_MACGUFFIN_PASSIVE_RECON_BUFF_TIER3',     'LOC_GREATWORK_GREATWORKOBJECT_HONEY_MACGUFFIN_PASSIVE_RECON_BUFF_TIER3_NAME',   'GREAT_PERSON_HONEY_MACGUFFIN_PASSIVE_RECON_BUFF_TIER3_GP',			'GREATWORKOBJECT_HONEY_MACGUFFIN_PASSIVE',										'LOC_GREATWORK_HOMER_2_QUOTE',           0 ),
		
		('GREATWORK_GREATWORKOBJECT_HONEY_MACGUFFIN_PASSIVE_ANTI_CAVALRY_BUFF',     'LOC_GREATWORK_GREATWORKOBJECT_HONEY_MACGUFFIN_PASSIVE_ANTI_CAVALRY_BUFF_NAME',   'GREAT_PERSON_HONEY_MACGUFFIN_PASSIVE_ANTI_CAVALRY_BUFF_GP',			'GREATWORKOBJECT_HONEY_MACGUFFIN_PASSIVE',										'LOC_GREATWORK_HOMER_2_QUOTE',           0 ),
		('GREATWORK_GREATWORKOBJECT_HONEY_MACGUFFIN_PASSIVE_ANTI_CAVALRY_BUFF_TIER2',     'LOC_GREATWORK_GREATWORKOBJECT_HONEY_MACGUFFIN_PASSIVE_ANTI_CAVALRY_BUFF_TIER2_NAME',   'GREAT_PERSON_HONEY_MACGUFFIN_PASSIVE_ANTI_CAVALRY_BUFF_TIER2_GP',			'GREATWORKOBJECT_HONEY_MACGUFFIN_PASSIVE',										'LOC_GREATWORK_HOMER_2_QUOTE',           0 ),
		('GREATWORK_GREATWORKOBJECT_HONEY_MACGUFFIN_PASSIVE_ANTI_CAVALRY_BUFF_TIER3',     'LOC_GREATWORK_GREATWORKOBJECT_HONEY_MACGUFFIN_PASSIVE_ANTI_CAVALRY_BUFF_TIER3_NAME',   'GREAT_PERSON_HONEY_MACGUFFIN_PASSIVE_ANTI_CAVALRY_BUFF_TIER3_GP',			'GREATWORKOBJECT_HONEY_MACGUFFIN_PASSIVE',										'LOC_GREATWORK_HOMER_2_QUOTE',           0 ),
		
		('GREATWORK_GREATWORKOBJECT_HONEY_MACGUFFIN_PASSIVE_ALL_LAND_COMBAT_BUFF',     'LOC_GREATWORK_GREATWORKOBJECT_HONEY_MACGUFFIN_PASSIVE_ALL_LAND_COMBAT_BUFF_NAME',   'GREAT_PERSON_HONEY_MACGUFFIN_PASSIVE_ALL_LAND_COMBAT_BUFF_GP',			'GREATWORKOBJECT_HONEY_MACGUFFIN_PASSIVE',										'LOC_GREATWORK_HOMER_2_QUOTE',           0 ),
		('GREATWORK_GREATWORKOBJECT_HONEY_MACGUFFIN_PASSIVE_ALL_LAND_COMBAT_BUFF_TIER2',     'LOC_GREATWORK_GREATWORKOBJECT_HONEY_MACGUFFIN_PASSIVE_ALL_LAND_COMBAT_BUFF_TIER2_NAME',   'GREAT_PERSON_HONEY_MACGUFFIN_PASSIVE_ALL_LAND_COMBAT_BUFF_TIER2_GP',			'GREATWORKOBJECT_HONEY_MACGUFFIN_PASSIVE',										'LOC_GREATWORK_HOMER_2_QUOTE',           0 ),
		('GREATWORK_GREATWORKOBJECT_HONEY_MACGUFFIN_PASSIVE_ALL_LAND_COMBAT_BUFF_TIER3',     'LOC_GREATWORK_GREATWORKOBJECT_HONEY_MACGUFFIN_PASSIVE_ALL_LAND_COMBAT_BUFF_TIER3_NAME',   'GREAT_PERSON_HONEY_MACGUFFIN_PASSIVE_ALL_LAND_COMBAT_BUFF_TIER3_GP',			'GREATWORKOBJECT_HONEY_MACGUFFIN_PASSIVE',										'LOC_GREATWORK_HOMER_2_QUOTE',           0 );

INSERT INTO Buildings
		(BuildingType,															Name,																Description,									 PrereqDistrict,			 AdvisorType, Cost, InternalOnly)
VALUES  ('BUILDING_HONEY_MACGUFFIN_HOLDER_PASSIVE_MELEE_BUFF', 'LOC_GREATWORK_GREATWORKOBJECT_HONEY_MACGUFFIN_PASSIVE_MELEE_BUFF_NAME',				'LOC_BUILDING_HONEY_MACGUFFIN_HOLDER_PASSIVE_MELEE_BUFF_DESC',    'DISTRICT_CITY_CENTER',      'ADVISOR_GENERIC', 200, 1),
		('BUILDING_HONEY_MACGUFFIN_HOLDER_PASSIVE_MELEE_BUFF_TIER2', 'LOC_GREATWORK_GREATWORKOBJECT_HONEY_MACGUFFIN_PASSIVE_MELEE_BUFF_TIER2_NAME', 'LOC_BUILDING_HONEY_MACGUFFIN_HOLDER_PASSIVE_MELEE_BUFF_TIER2_DESC',    'DISTRICT_CITY_CENTER',      'ADVISOR_GENERIC', 200, 1),
		('BUILDING_HONEY_MACGUFFIN_HOLDER_PASSIVE_MELEE_BUFF_TIER3', 'LOC_GREATWORK_GREATWORKOBJECT_HONEY_MACGUFFIN_PASSIVE_MELEE_BUFF_TIER3_NAME', 'LOC_BUILDING_HONEY_MACGUFFIN_HOLDER_PASSIVE_MELEE_BUFF_TIER3_DESC',    'DISTRICT_CITY_CENTER',      'ADVISOR_GENERIC', 200, 1),
		
		('BUILDING_HONEY_MACGUFFIN_HOLDER_PASSIVE_LIGHT_CAVALRY_BUFF', 'LOC_GREATWORK_GREATWORKOBJECT_HONEY_MACGUFFIN_PASSIVE_LIGHT_CAVALRY_BUFF_NAME',				'LOC_BUILDING_HONEY_MACGUFFIN_HOLDER_PASSIVE_LIGHT_CAVALRY_BUFF_DESC',    'DISTRICT_CITY_CENTER',      'ADVISOR_GENERIC', 200, 1),
		('BUILDING_HONEY_MACGUFFIN_HOLDER_PASSIVE_LIGHT_CAVALRY_BUFF_TIER2', 'LOC_GREATWORK_GREATWORKOBJECT_HONEY_MACGUFFIN_PASSIVE_LIGHT_CAVALRY_BUFF_TIER2_NAME', 'LOC_BUILDING_HONEY_MACGUFFIN_HOLDER_PASSIVE_LIGHT_CAVALRY_BUFF_TIER2_DESC',    'DISTRICT_CITY_CENTER',      'ADVISOR_GENERIC', 200, 1),
		('BUILDING_HONEY_MACGUFFIN_HOLDER_PASSIVE_LIGHT_CAVALRY_BUFF_TIER3', 'LOC_GREATWORK_GREATWORKOBJECT_HONEY_MACGUFFIN_PASSIVE_LIGHT_CAVALRY_BUFF_TIER3_NAME', 'LOC_BUILDING_HONEY_MACGUFFIN_HOLDER_PASSIVE_LIGHT_CAVALRY_BUFF_TIER3_DESC',    'DISTRICT_CITY_CENTER',      'ADVISOR_GENERIC', 200, 1),
		
		('BUILDING_HONEY_MACGUFFIN_HOLDER_PASSIVE_HEAVY_CAVALRY_BUFF', 'LOC_GREATWORK_GREATWORKOBJECT_HONEY_MACGUFFIN_PASSIVE_HEAVY_CAVALRY_BUFF_NAME',				'LOC_BUILDING_HONEY_MACGUFFIN_HOLDER_PASSIVE_HEAVY_CAVALRY_BUFF_DESC',    'DISTRICT_CITY_CENTER',      'ADVISOR_GENERIC', 200, 1),
		('BUILDING_HONEY_MACGUFFIN_HOLDER_PASSIVE_HEAVY_CAVALRY_BUFF_TIER2', 'LOC_GREATWORK_GREATWORKOBJECT_HONEY_MACGUFFIN_PASSIVE_HEAVY_CAVALRY_BUFF_TIER2_NAME', 'LOC_BUILDING_HONEY_MACGUFFIN_HOLDER_PASSIVE_HEAVY_CAVALRY_BUFF_TIER2_DESC',    'DISTRICT_CITY_CENTER',      'ADVISOR_GENERIC', 200, 1),
		('BUILDING_HONEY_MACGUFFIN_HOLDER_PASSIVE_HEAVY_CAVALRY_BUFF_TIER3', 'LOC_GREATWORK_GREATWORKOBJECT_HONEY_MACGUFFIN_PASSIVE_HEAVY_CAVALRY_BUFF_TIER3_NAME', 'LOC_BUILDING_HONEY_MACGUFFIN_HOLDER_PASSIVE_HEAVY_CAVALRY_BUFF_TIER3_DESC',    'DISTRICT_CITY_CENTER',      'ADVISOR_GENERIC', 200, 1),
		
		('BUILDING_HONEY_MACGUFFIN_HOLDER_PASSIVE_SIEGE_BUFF', 'LOC_GREATWORK_GREATWORKOBJECT_HONEY_MACGUFFIN_PASSIVE_SIEGE_BUFF_NAME',				'LOC_BUILDING_HONEY_MACGUFFIN_HOLDER_PASSIVE_SIEGE_BUFF_DESC',    'DISTRICT_CITY_CENTER',      'ADVISOR_GENERIC', 200, 1),
		('BUILDING_HONEY_MACGUFFIN_HOLDER_PASSIVE_SIEGE_BUFF_TIER2', 'LOC_GREATWORK_GREATWORKOBJECT_HONEY_MACGUFFIN_PASSIVE_SIEGE_BUFF_TIER2_NAME', 'LOC_BUILDING_HONEY_MACGUFFIN_HOLDER_PASSIVE_SIEGE_BUFF_TIER2_DESC',    'DISTRICT_CITY_CENTER',      'ADVISOR_GENERIC', 200, 1),
		('BUILDING_HONEY_MACGUFFIN_HOLDER_PASSIVE_SIEGE_BUFF_TIER3', 'LOC_GREATWORK_GREATWORKOBJECT_HONEY_MACGUFFIN_PASSIVE_SIEGE_BUFF_TIER3_NAME', 'LOC_BUILDING_HONEY_MACGUFFIN_HOLDER_PASSIVE_SIEGE_BUFF_TIER3_DESC',    'DISTRICT_CITY_CENTER',      'ADVISOR_GENERIC', 200, 1),
		
		('BUILDING_HONEY_MACGUFFIN_HOLDER_PASSIVE_RANGED_BUFF', 'LOC_GREATWORK_GREATWORKOBJECT_HONEY_MACGUFFIN_PASSIVE_RANGED_BUFF_NAME',				'LOC_BUILDING_HONEY_MACGUFFIN_HOLDER_PASSIVE_RANGED_BUFF_DESC',    'DISTRICT_CITY_CENTER',      'ADVISOR_GENERIC', 200, 1),
		('BUILDING_HONEY_MACGUFFIN_HOLDER_PASSIVE_RANGED_BUFF_TIER2', 'LOC_GREATWORK_GREATWORKOBJECT_HONEY_MACGUFFIN_PASSIVE_RANGED_BUFF_TIER2_NAME', 'LOC_BUILDING_HONEY_MACGUFFIN_HOLDER_PASSIVE_RANGED_BUFF_TIER2_DESC',    'DISTRICT_CITY_CENTER',      'ADVISOR_GENERIC', 200, 1),
		('BUILDING_HONEY_MACGUFFIN_HOLDER_PASSIVE_RANGED_BUFF_TIER3', 'LOC_GREATWORK_GREATWORKOBJECT_HONEY_MACGUFFIN_PASSIVE_RANGED_BUFF_TIER3_NAME', 'LOC_BUILDING_HONEY_MACGUFFIN_HOLDER_PASSIVE_RANGED_BUFF_TIER3_DESC',    'DISTRICT_CITY_CENTER',      'ADVISOR_GENERIC', 200, 1),
		
		('BUILDING_HONEY_MACGUFFIN_HOLDER_PASSIVE_RECON_BUFF', 'LOC_GREATWORK_GREATWORKOBJECT_HONEY_MACGUFFIN_PASSIVE_RECON_BUFF_NAME',				'LOC_BUILDING_HONEY_MACGUFFIN_HOLDER_PASSIVE_RECON_BUFF_DESC',    'DISTRICT_CITY_CENTER',      'ADVISOR_GENERIC', 200, 1),
		('BUILDING_HONEY_MACGUFFIN_HOLDER_PASSIVE_RECON_BUFF_TIER2', 'LOC_GREATWORK_GREATWORKOBJECT_HONEY_MACGUFFIN_PASSIVE_RECON_BUFF_TIER2_NAME', 'LOC_BUILDING_HONEY_MACGUFFIN_HOLDER_PASSIVE_RECON_BUFF_TIER2_DESC',    'DISTRICT_CITY_CENTER',      'ADVISOR_GENERIC', 200, 1),
		('BUILDING_HONEY_MACGUFFIN_HOLDER_PASSIVE_RECON_BUFF_TIER3', 'LOC_GREATWORK_GREATWORKOBJECT_HONEY_MACGUFFIN_PASSIVE_RECON_BUFF_TIER3_NAME', 'LOC_BUILDING_HONEY_MACGUFFIN_HOLDER_PASSIVE_RECON_BUFF_TIER3_DESC',    'DISTRICT_CITY_CENTER',      'ADVISOR_GENERIC', 200, 1),
		
		('BUILDING_HONEY_MACGUFFIN_HOLDER_PASSIVE_ANTI_CAVALRY_BUFF', 'LOC_GREATWORK_GREATWORKOBJECT_HONEY_MACGUFFIN_PASSIVE_ANTI_CAVALRY_BUFF_NAME',				'LOC_BUILDING_HONEY_MACGUFFIN_HOLDER_PASSIVE_ANTI_CAVALRY_BUFF_DESC',    'DISTRICT_CITY_CENTER',      'ADVISOR_GENERIC', 200, 1),
		('BUILDING_HONEY_MACGUFFIN_HOLDER_PASSIVE_ANTI_CAVALRY_BUFF_TIER2', 'LOC_GREATWORK_GREATWORKOBJECT_HONEY_MACGUFFIN_PASSIVE_ANTI_CAVALRY_BUFF_TIER2_NAME', 'LOC_BUILDING_HONEY_MACGUFFIN_HOLDER_PASSIVE_ANTI_CAVALRY_BUFF_TIER2_DESC',    'DISTRICT_CITY_CENTER',      'ADVISOR_GENERIC', 200, 1),
		('BUILDING_HONEY_MACGUFFIN_HOLDER_PASSIVE_ANTI_CAVALRY_BUFF_TIER3', 'LOC_GREATWORK_GREATWORKOBJECT_HONEY_MACGUFFIN_PASSIVE_ANTI_CAVALRY_BUFF_TIER3_NAME', 'LOC_BUILDING_HONEY_MACGUFFIN_HOLDER_PASSIVE_ANTI_CAVALRY_BUFF_TIER3_DESC',    'DISTRICT_CITY_CENTER',      'ADVISOR_GENERIC', 200, 1),
		
		('BUILDING_HONEY_MACGUFFIN_HOLDER_PASSIVE_ALL_LAND_COMBAT_BUFF', 'LOC_GREATWORK_GREATWORKOBJECT_HONEY_MACGUFFIN_PASSIVE_ALL_LAND_COMBAT_BUFF_NAME',				'LOC_BUILDING_HONEY_MACGUFFIN_HOLDER_PASSIVE_ALL_LAND_COMBAT_BUFF_DESC',    'DISTRICT_CITY_CENTER',      'ADVISOR_GENERIC', 200, 1),
		('BUILDING_HONEY_MACGUFFIN_HOLDER_PASSIVE_ALL_LAND_COMBAT_BUFF_TIER2', 'LOC_GREATWORK_GREATWORKOBJECT_HONEY_MACGUFFIN_PASSIVE_ALL_LAND_COMBAT_BUFF_TIER2_NAME', 'LOC_BUILDING_HONEY_MACGUFFIN_HOLDER_PASSIVE_ALL_LAND_COMBAT_BUFF_TIER2_DESC',    'DISTRICT_CITY_CENTER',      'ADVISOR_GENERIC', 200, 1),
		('BUILDING_HONEY_MACGUFFIN_HOLDER_PASSIVE_ALL_LAND_COMBAT_BUFF_TIER3', 'LOC_GREATWORK_GREATWORKOBJECT_HONEY_MACGUFFIN_PASSIVE_ALL_LAND_COMBAT_BUFF_TIER3_NAME', 'LOC_BUILDING_HONEY_MACGUFFIN_HOLDER_PASSIVE_ALL_LAND_COMBAT_BUFF_TIER3_DESC',    'DISTRICT_CITY_CENTER',      'ADVISOR_GENERIC', 200, 1);

INSERT INTO BuildingModifiers
		(BuildingType,											 ModifierId)
VALUES  ('BUILDING_HONEY_MACGUFFIN_HOLDER_PASSIVE_MELEE_BUFF',  'MODIFIER_HONEY_MACGUFFIN_PASSIVE_MELEE_BUFF_ABILITY_GRANTER'),
		('BUILDING_HONEY_MACGUFFIN_HOLDER_PASSIVE_MELEE_BUFF_TIER2',  'MODIFIER_HONEY_MACGUFFIN_PASSIVE_MELEE_BUFF_TIER2_ABILITY_GRANTER'),
		('BUILDING_HONEY_MACGUFFIN_HOLDER_PASSIVE_MELEE_BUFF_TIER3',  'MODIFIER_HONEY_MACGUFFIN_PASSIVE_MELEE_BUFF_TIER3_ABILITY_GRANTER'),
		
		('BUILDING_HONEY_MACGUFFIN_HOLDER_PASSIVE_LIGHT_CAVALRY_BUFF',  'MODIFIER_HONEY_MACGUFFIN_PASSIVE_LIGHT_CAVALRY_BUFF_ABILITY_GRANTER'),
		('BUILDING_HONEY_MACGUFFIN_HOLDER_PASSIVE_LIGHT_CAVALRY_BUFF_TIER2',  'MODIFIER_HONEY_MACGUFFIN_PASSIVE_LIGHT_CAVALRY_BUFF_TIER2_ABILITY_GRANTER'),
		('BUILDING_HONEY_MACGUFFIN_HOLDER_PASSIVE_LIGHT_CAVALRY_BUFF_TIER3',  'MODIFIER_HONEY_MACGUFFIN_PASSIVE_LIGHT_CAVALRY_BUFF_TIER3_ABILITY_GRANTER'),
		
		('BUILDING_HONEY_MACGUFFIN_HOLDER_PASSIVE_HEAVY_CAVALRY_BUFF',  'MODIFIER_HONEY_MACGUFFIN_PASSIVE_HEAVY_CAVALRY_BUFF_ABILITY_GRANTER'),
		('BUILDING_HONEY_MACGUFFIN_HOLDER_PASSIVE_HEAVY_CAVALRY_BUFF_TIER2',  'MODIFIER_HONEY_MACGUFFIN_PASSIVE_HEAVY_CAVALRY_BUFF_TIER2_ABILITY_GRANTER'),
		('BUILDING_HONEY_MACGUFFIN_HOLDER_PASSIVE_HEAVY_CAVALRY_BUFF_TIER3',  'MODIFIER_HONEY_MACGUFFIN_PASSIVE_HEAVY_CAVALRY_BUFF_TIER3_ABILITY_GRANTER'),
		
		('BUILDING_HONEY_MACGUFFIN_HOLDER_PASSIVE_SIEGE_BUFF',  'MODIFIER_HONEY_MACGUFFIN_PASSIVE_SIEGE_BUFF_ABILITY_GRANTER'),
		('BUILDING_HONEY_MACGUFFIN_HOLDER_PASSIVE_SIEGE_BUFF_TIER2',  'MODIFIER_HONEY_MACGUFFIN_PASSIVE_SIEGE_BUFF_TIER2_ABILITY_GRANTER'),
		('BUILDING_HONEY_MACGUFFIN_HOLDER_PASSIVE_SIEGE_BUFF_TIER3',  'MODIFIER_HONEY_MACGUFFIN_PASSIVE_SIEGE_BUFF_TIER3_ABILITY_GRANTER'),
		
		('BUILDING_HONEY_MACGUFFIN_HOLDER_PASSIVE_RANGED_BUFF',  'MODIFIER_HONEY_MACGUFFIN_PASSIVE_RANGED_BUFF_ABILITY_GRANTER'),
		('BUILDING_HONEY_MACGUFFIN_HOLDER_PASSIVE_RANGED_BUFF_TIER2',  'MODIFIER_HONEY_MACGUFFIN_PASSIVE_RANGED_BUFF_TIER2_ABILITY_GRANTER'),
		('BUILDING_HONEY_MACGUFFIN_HOLDER_PASSIVE_RANGED_BUFF_TIER3',  'MODIFIER_HONEY_MACGUFFIN_PASSIVE_RANGED_BUFF_TIER3_ABILITY_GRANTER'),
		
		('BUILDING_HONEY_MACGUFFIN_HOLDER_PASSIVE_RECON_BUFF',  'MODIFIER_HONEY_MACGUFFIN_PASSIVE_RECON_BUFF_ABILITY_GRANTER'),
		('BUILDING_HONEY_MACGUFFIN_HOLDER_PASSIVE_RECON_BUFF_TIER2',  'MODIFIER_HONEY_MACGUFFIN_PASSIVE_RECON_BUFF_TIER2_ABILITY_GRANTER'),
		('BUILDING_HONEY_MACGUFFIN_HOLDER_PASSIVE_RECON_BUFF_TIER3',  'MODIFIER_HONEY_MACGUFFIN_PASSIVE_RECON_BUFF_TIER3_ABILITY_GRANTER'),
		
		('BUILDING_HONEY_MACGUFFIN_HOLDER_PASSIVE_ANTI_CAVALRY_BUFF',  'MODIFIER_HONEY_MACGUFFIN_PASSIVE_ANTI_CAVALRY_BUFF_ABILITY_GRANTER'),
		('BUILDING_HONEY_MACGUFFIN_HOLDER_PASSIVE_ANTI_CAVALRY_BUFF_TIER2',  'MODIFIER_HONEY_MACGUFFIN_PASSIVE_ANTI_CAVALRY_BUFF_TIER2_ABILITY_GRANTER'),
		('BUILDING_HONEY_MACGUFFIN_HOLDER_PASSIVE_ANTI_CAVALRY_BUFF_TIER3',  'MODIFIER_HONEY_MACGUFFIN_PASSIVE_ANTI_CAVALRY_BUFF_TIER3_ABILITY_GRANTER'),
		
		('BUILDING_HONEY_MACGUFFIN_HOLDER_PASSIVE_ALL_LAND_COMBAT_BUFF',  'MODIFIER_HONEY_MACGUFFIN_PASSIVE_ALL_LAND_COMBAT_BUFF_ABILITY_GRANTER'),
		('BUILDING_HONEY_MACGUFFIN_HOLDER_PASSIVE_ALL_LAND_COMBAT_BUFF_TIER2',  'MODIFIER_HONEY_MACGUFFIN_PASSIVE_ALL_LAND_COMBAT_BUFF_TIER2_ABILITY_GRANTER'),
		('BUILDING_HONEY_MACGUFFIN_HOLDER_PASSIVE_ALL_LAND_COMBAT_BUFF_TIER3',  'MODIFIER_HONEY_MACGUFFIN_PASSIVE_ALL_LAND_COMBAT_BUFF_TIER3_ABILITY_GRANTER');

INSERT INTO ModifierArguments
		(ModifierId,														Name,		Value)
VALUES  ('MODIFIER_HONEY_MACGUFFIN_PASSIVE_MELEE_BUFF_ABILITY_GRANTER',  'AbilityType', 'ABILITY_HONEY_MACGUFFIN_PASSIVE_MELEE_BUFF'),
		('MODIFIER_HONEY_MACGUFFIN_PASSIVE_MELEE_BUFF',                   'Amount',           4                                     ),
		('MODIFIER_HONEY_MACGUFFIN_PASSIVE_MELEE_BUFF_TIER2_ABILITY_GRANTER',  'AbilityType', 'ABILITY_HONEY_MACGUFFIN_PASSIVE_MELEE_BUFF_TIER2'),
		('MODIFIER_HONEY_MACGUFFIN_PASSIVE_MELEE_BUFF_TIER2',                   'Amount',           6                                     ),
		('MODIFIER_HONEY_MACGUFFIN_PASSIVE_MELEE_BUFF_TIER3_ABILITY_GRANTER',  'AbilityType', 'ABILITY_HONEY_MACGUFFIN_PASSIVE_MELEE_BUFF_TIER3'),
		('MODIFIER_HONEY_MACGUFFIN_PASSIVE_MELEE_BUFF_TIER3',                   'Amount',           9                            ),
		
		('MODIFIER_HONEY_MACGUFFIN_PASSIVE_LIGHT_CAVALRY_BUFF_ABILITY_GRANTER',  'AbilityType', 'ABILITY_HONEY_MACGUFFIN_PASSIVE_LIGHT_CAVALRY_BUFF'),
		('MODIFIER_HONEY_MACGUFFIN_PASSIVE_LIGHT_CAVALRY_BUFF',                   'Amount',           4                                     ),
		('MODIFIER_HONEY_MACGUFFIN_PASSIVE_LIGHT_CAVALRY_BUFF_TIER2_ABILITY_GRANTER',  'AbilityType', 'ABILITY_HONEY_MACGUFFIN_PASSIVE_LIGHT_CAVALRY_BUFF_TIER2'),
		('MODIFIER_HONEY_MACGUFFIN_PASSIVE_LIGHT_CAVALRY_BUFF_TIER2',                   'Amount',           6                                     ),
		('MODIFIER_HONEY_MACGUFFIN_PASSIVE_LIGHT_CAVALRY_BUFF_TIER3_ABILITY_GRANTER',  'AbilityType', 'ABILITY_HONEY_MACGUFFIN_PASSIVE_LIGHT_CAVALRY_BUFF_TIER3'),
		('MODIFIER_HONEY_MACGUFFIN_PASSIVE_LIGHT_CAVALRY_BUFF_TIER3',                   'Amount',           9                            ),
		
		('MODIFIER_HONEY_MACGUFFIN_PASSIVE_HEAVY_CAVALRY_BUFF_ABILITY_GRANTER',  'AbilityType', 'ABILITY_HONEY_MACGUFFIN_PASSIVE_HEAVY_CAVALRY_BUFF'),
		('MODIFIER_HONEY_MACGUFFIN_PASSIVE_HEAVY_CAVALRY_BUFF',                   'Amount',           4                                     ),
		('MODIFIER_HONEY_MACGUFFIN_PASSIVE_HEAVY_CAVALRY_BUFF_TIER2_ABILITY_GRANTER',  'AbilityType', 'ABILITY_HONEY_MACGUFFIN_PASSIVE_HEAVY_CAVALRY_BUFF_TIER2'),
		('MODIFIER_HONEY_MACGUFFIN_PASSIVE_HEAVY_CAVALRY_BUFF_TIER2',                   'Amount',           6                                     ),
		('MODIFIER_HONEY_MACGUFFIN_PASSIVE_HEAVY_CAVALRY_BUFF_TIER3_ABILITY_GRANTER',  'AbilityType', 'ABILITY_HONEY_MACGUFFIN_PASSIVE_HEAVY_CAVALRY_BUFF_TIER3'),
		('MODIFIER_HONEY_MACGUFFIN_PASSIVE_HEAVY_CAVALRY_BUFF_TIER3',                   'Amount',           9                            ),
		
		('MODIFIER_HONEY_MACGUFFIN_PASSIVE_SIEGE_BUFF_ABILITY_GRANTER',  'AbilityType', 'ABILITY_HONEY_MACGUFFIN_PASSIVE_SIEGE_BUFF'),
		('MODIFIER_HONEY_MACGUFFIN_PASSIVE_SIEGE_BUFF',                   'Amount',           4                                     ),
		('MODIFIER_HONEY_MACGUFFIN_PASSIVE_SIEGE_BUFF_TIER2_ABILITY_GRANTER',  'AbilityType', 'ABILITY_HONEY_MACGUFFIN_PASSIVE_SIEGE_BUFF_TIER2'),
		('MODIFIER_HONEY_MACGUFFIN_PASSIVE_SIEGE_BUFF_TIER2',                   'Amount',           6                                     ),
		('MODIFIER_HONEY_MACGUFFIN_PASSIVE_SIEGE_BUFF_TIER3_ABILITY_GRANTER',  'AbilityType', 'ABILITY_HONEY_MACGUFFIN_PASSIVE_SIEGE_BUFF_TIER3'),
		('MODIFIER_HONEY_MACGUFFIN_PASSIVE_SIEGE_BUFF_TIER3',                   'Amount',           9                            ),
		
		('MODIFIER_HONEY_MACGUFFIN_PASSIVE_RANGED_BUFF_ABILITY_GRANTER',  'AbilityType', 'ABILITY_HONEY_MACGUFFIN_PASSIVE_RANGED_BUFF'),
		('MODIFIER_HONEY_MACGUFFIN_PASSIVE_RANGED_BUFF',                   'Amount',           4                                     ),
		('MODIFIER_HONEY_MACGUFFIN_PASSIVE_RANGED_BUFF_TIER2_ABILITY_GRANTER',  'AbilityType', 'ABILITY_HONEY_MACGUFFIN_PASSIVE_RANGED_BUFF_TIER2'),
		('MODIFIER_HONEY_MACGUFFIN_PASSIVE_RANGED_BUFF_TIER2',                   'Amount',           6                                     ),
		('MODIFIER_HONEY_MACGUFFIN_PASSIVE_RANGED_BUFF_TIER3_ABILITY_GRANTER',  'AbilityType', 'ABILITY_HONEY_MACGUFFIN_PASSIVE_RANGED_BUFF_TIER3'),
		('MODIFIER_HONEY_MACGUFFIN_PASSIVE_RANGED_BUFF_TIER3',                   'Amount',           9                            ),
		
		('MODIFIER_HONEY_MACGUFFIN_PASSIVE_RECON_BUFF_ABILITY_GRANTER',  'AbilityType', 'ABILITY_HONEY_MACGUFFIN_PASSIVE_RECON_BUFF'),
		('MODIFIER_HONEY_MACGUFFIN_PASSIVE_RECON_BUFF',                   'Amount',           5                                     ),
		('MODIFIER_HONEY_MACGUFFIN_PASSIVE_RECON_BUFF_TIER2_ABILITY_GRANTER',  'AbilityType', 'ABILITY_HONEY_MACGUFFIN_PASSIVE_RECON_BUFF_TIER2'),
		('MODIFIER_HONEY_MACGUFFIN_PASSIVE_RECON_BUFF_TIER2',                   'Amount',           7                                     ),
		('MODIFIER_HONEY_MACGUFFIN_PASSIVE_RECON_BUFF_TIER3_ABILITY_GRANTER',  'AbilityType', 'ABILITY_HONEY_MACGUFFIN_PASSIVE_RECON_BUFF_TIER3'),
		('MODIFIER_HONEY_MACGUFFIN_PASSIVE_RECON_BUFF_TIER3',                   'Amount',           10                            ),
		
		('MODIFIER_HONEY_MACGUFFIN_PASSIVE_ANTI_CAVALRY_BUFF_ABILITY_GRANTER',  'AbilityType', 'ABILITY_HONEY_MACGUFFIN_PASSIVE_ANTI_CAVALRY_BUFF'),
		('MODIFIER_HONEY_MACGUFFIN_PASSIVE_ANTI_CAVALRY_BUFF',                   'Amount',           4                                     ),
		('MODIFIER_HONEY_MACGUFFIN_PASSIVE_ANTI_CAVALRY_BUFF_TIER2_ABILITY_GRANTER',  'AbilityType', 'ABILITY_HONEY_MACGUFFIN_PASSIVE_ANTI_CAVALRY_BUFF_TIER2'),
		('MODIFIER_HONEY_MACGUFFIN_PASSIVE_ANTI_CAVALRY_BUFF_TIER2',                   'Amount',           6                                     ),
		('MODIFIER_HONEY_MACGUFFIN_PASSIVE_ANTI_CAVALRY_BUFF_TIER3_ABILITY_GRANTER',  'AbilityType', 'ABILITY_HONEY_MACGUFFIN_PASSIVE_ANTI_CAVALRY_BUFF_TIER3'),
		('MODIFIER_HONEY_MACGUFFIN_PASSIVE_ANTI_CAVALRY_BUFF_TIER3',                   'Amount',           9                            ),
		
		('MODIFIER_HONEY_MACGUFFIN_PASSIVE_ALL_LAND_COMBAT_BUFF_ABILITY_GRANTER',  'AbilityType', 'ABILITY_HONEY_MACGUFFIN_PASSIVE_ALL_LAND_COMBAT_BUFF'),
		('MODIFIER_HONEY_MACGUFFIN_PASSIVE_ALL_LAND_COMBAT_BUFF',                   'Amount',           2                                     ),
		('MODIFIER_HONEY_MACGUFFIN_PASSIVE_ALL_LAND_COMBAT_BUFF_TIER2_ABILITY_GRANTER',  'AbilityType', 'ABILITY_HONEY_MACGUFFIN_PASSIVE_ALL_LAND_COMBAT_BUFF_TIER2'),
		('MODIFIER_HONEY_MACGUFFIN_PASSIVE_ALL_LAND_COMBAT_BUFF_TIER2',                   'Amount',           3                                     ),
		('MODIFIER_HONEY_MACGUFFIN_PASSIVE_ALL_LAND_COMBAT_BUFF_TIER3_ABILITY_GRANTER',  'AbilityType', 'ABILITY_HONEY_MACGUFFIN_PASSIVE_ALL_LAND_COMBAT_BUFF_TIER3'),
		('MODIFIER_HONEY_MACGUFFIN_PASSIVE_ALL_LAND_COMBAT_BUFF_TIER3',                   'Amount',           5                            );

INSERT INTO ModifierStrings
		(ModifierId,									Context,			 Text)
VALUES  ('MODIFIER_HONEY_MACGUFFIN_PASSIVE_MELEE_BUFF', 'Preview', 'LOC_ABILITY_HONEY_MACGUFFIN_PASSIVE_MELEE_BUFF_DESC' ),
		('MODIFIER_HONEY_MACGUFFIN_PASSIVE_MELEE_BUFF_TIER2', 'Preview', 'LOC_ABILITY_HONEY_MACGUFFIN_PASSIVE_MELEE_BUFF_TIER2_DESC' ),
		('MODIFIER_HONEY_MACGUFFIN_PASSIVE_MELEE_BUFF_TIER3', 'Preview', 'LOC_ABILITY_HONEY_MACGUFFIN_PASSIVE_MELEE_BUFF_TIER3_DESC' ),
		
		('MODIFIER_HONEY_MACGUFFIN_PASSIVE_LIGHT_CAVALRY_BUFF', 'Preview', 'LOC_ABILITY_HONEY_MACGUFFIN_PASSIVE_LIGHT_CAVALRY_BUFF_DESC' ),
		('MODIFIER_HONEY_MACGUFFIN_PASSIVE_LIGHT_CAVALRY_BUFF_TIER2', 'Preview', 'LOC_ABILITY_HONEY_MACGUFFIN_PASSIVE_LIGHT_CAVALRY_BUFF_TIER2_DESC' ),
		('MODIFIER_HONEY_MACGUFFIN_PASSIVE_LIGHT_CAVALRY_BUFF_TIER3', 'Preview', 'LOC_ABILITY_HONEY_MACGUFFIN_PASSIVE_LIGHT_CAVALRY_BUFF_TIER3_DESC' ),
		
		('MODIFIER_HONEY_MACGUFFIN_PASSIVE_HEAVY_CAVALRY_BUFF', 'Preview', 'LOC_ABILITY_HONEY_MACGUFFIN_PASSIVE_HEAVY_CAVALRY_BUFF_DESC' ),
		('MODIFIER_HONEY_MACGUFFIN_PASSIVE_HEAVY_CAVALRY_BUFF_TIER2', 'Preview', 'LOC_ABILITY_HONEY_MACGUFFIN_PASSIVE_HEAVY_CAVALRY_BUFF_TIER2_DESC' ),
		('MODIFIER_HONEY_MACGUFFIN_PASSIVE_HEAVY_CAVALRY_BUFF_TIER3', 'Preview', 'LOC_ABILITY_HONEY_MACGUFFIN_PASSIVE_HEAVY_CAVALRY_BUFF_TIER3_DESC' ),
		
		('MODIFIER_HONEY_MACGUFFIN_PASSIVE_SIEGE_BUFF', 'Preview', 'LOC_ABILITY_HONEY_MACGUFFIN_PASSIVE_SIEGE_BUFF_DESC' ),
		('MODIFIER_HONEY_MACGUFFIN_PASSIVE_SIEGE_BUFF_TIER2', 'Preview', 'LOC_ABILITY_HONEY_MACGUFFIN_PASSIVE_SIEGE_BUFF_TIER2_DESC' ),
		('MODIFIER_HONEY_MACGUFFIN_PASSIVE_SIEGE_BUFF_TIER3', 'Preview', 'LOC_ABILITY_HONEY_MACGUFFIN_PASSIVE_SIEGE_BUFF_TIER3_DESC' ),
		
		('MODIFIER_HONEY_MACGUFFIN_PASSIVE_RANGED_BUFF', 'Preview', 'LOC_ABILITY_HONEY_MACGUFFIN_PASSIVE_RANGED_BUFF_DESC' ),
		('MODIFIER_HONEY_MACGUFFIN_PASSIVE_RANGED_BUFF_TIER2', 'Preview', 'LOC_ABILITY_HONEY_MACGUFFIN_PASSIVE_RANGED_BUFF_TIER2_DESC' ),
		('MODIFIER_HONEY_MACGUFFIN_PASSIVE_RANGED_BUFF_TIER3', 'Preview', 'LOC_ABILITY_HONEY_MACGUFFIN_PASSIVE_RANGED_BUFF_TIER3_DESC' ),
		
		('MODIFIER_HONEY_MACGUFFIN_PASSIVE_RECON_BUFF', 'Preview', 'LOC_ABILITY_HONEY_MACGUFFIN_PASSIVE_RECON_BUFF_DESC' ),
		('MODIFIER_HONEY_MACGUFFIN_PASSIVE_RECON_BUFF_TIER2', 'Preview', 'LOC_ABILITY_HONEY_MACGUFFIN_PASSIVE_RECON_BUFF_TIER2_DESC' ),
		('MODIFIER_HONEY_MACGUFFIN_PASSIVE_RECON_BUFF_TIER3', 'Preview', 'LOC_ABILITY_HONEY_MACGUFFIN_PASSIVE_RECON_BUFF_TIER3_DESC' ),
		
		('MODIFIER_HONEY_MACGUFFIN_PASSIVE_ANTI_CAVALRY_BUFF', 'Preview', 'LOC_ABILITY_HONEY_MACGUFFIN_PASSIVE_ANTI_CAVALRY_BUFF_DESC' ),
		('MODIFIER_HONEY_MACGUFFIN_PASSIVE_ANTI_CAVALRY_BUFF_TIER2', 'Preview', 'LOC_ABILITY_HONEY_MACGUFFIN_PASSIVE_ANTI_CAVALRY_BUFF_TIER2_DESC' ),
		('MODIFIER_HONEY_MACGUFFIN_PASSIVE_ANTI_CAVALRY_BUFF_TIER3', 'Preview', 'LOC_ABILITY_HONEY_MACGUFFIN_PASSIVE_ANTI_CAVALRY_BUFF_TIER3_DESC' ),	
		
		('MODIFIER_HONEY_MACGUFFIN_PASSIVE_ALL_LAND_COMBAT_BUFF', 'Preview', 'LOC_ABILITY_HONEY_MACGUFFIN_PASSIVE_ALL_LAND_COMBAT_BUFF_DESC' ),
		('MODIFIER_HONEY_MACGUFFIN_PASSIVE_ALL_LAND_COMBAT_BUFF_TIER2', 'Preview', 'LOC_ABILITY_HONEY_MACGUFFIN_PASSIVE_ALL_LAND_COMBAT_BUFF_TIER2_DESC' ),
		('MODIFIER_HONEY_MACGUFFIN_PASSIVE_ALL_LAND_COMBAT_BUFF_TIER3', 'Preview', 'LOC_ABILITY_HONEY_MACGUFFIN_PASSIVE_ALL_LAND_COMBAT_BUFF_TIER3_DESC' );